,Date,tavg,prcp,wdir,wspd,wpgt,pres
0,2018-11-28,11.2,3.6,188.4,22.1,51.8,1006.0
1,2018-11-29,11.5,7.8,202.0,26.4,57.4,1001.2
2,2018-11-30,8.8,0.0,224.9,16.6,37.0,1006.8
3,2018-12-01,10.1,6.5,198.1,15.2,33.3,1003.1
4,2018-12-02,12.7,4.1,233.2,20.0,38.9,997.2
5,2018-12-03,10.0,0.9,254.4,17.3,37.0,1001.5
6,2018-12-04,5.6,0.8,230.0,5.4,14.8,1020.3
7,2018-12-05,9.5,8.5,173.2,13.2,27.8,1013.6
8,2018-12-06,11.7,1.7,231.0,15.7,33.3,1013.5
9,2018-12-07,10.2,10.9,238.8,24.8,46.3,1004.1
10,2018-12-08,9.5,1.4,248.8,28.1,55.5,1002.6
11,2018-12-09,8.8,0.1,279.3,21.7,46.3,1009.6
12,2018-12-10,6.7,0.0,279.1,10.3,25.9,1026.6
13,2018-12-11,6.1,0.0,139.1,6.2,20.4,1024.7
14,2018-12-12,4.9,0.0,109.9,13.0,27.8,1021.4
15,2018-12-13,2.6,0.0,89.0,16.1,35.2,1017.6
16,2018-12-14,1.3,0.0,86.3,7.5,20.4,1022.9
17,2018-12-15,3.0,8.3,139.1,20.0,44.5,1010.9
18,2018-12-16,6.1,1.8,195.6,9.7,25.9,1006.1
19,2018-12-17,6.7,0.0,225.7,12.5,27.8,1015.8
20,2018-12-18,9.0,6.9,173.3,20.9,42.6,1008.4
21,2018-12-19,7.5,0.3,199.2,14.2,27.8,1004.3
22,2018-12-20,8.0,0.0,219.4,16.7,33.3,1005.3
23,2018-12-21,10.6,10.0,235.8,22.1,50.0,1001.6
24,2018-12-22,8.9,0.0,251.2,16.0,35.2,1015.1
25,2018-12-23,8.8,6.4,248.9,10.7,27.8,1017.9
26,2018-12-24,5.2,0.0,59.3,5.4,16.7,1031.5
27,2018-12-25,5.6,0.0,168.8,5.9,14.8,1034.0
28,2018-12-26,7.3,0.0,188.3,5.1,14.8,1030.3
29,2018-12-27,5.2,0.0,211.7,2.9,13.0,1026.5
30,2018-12-28,6.9,0.0,261.0,6.9,16.7,1030.4
31,2018-12-29,9.3,0.0,254.8,12.8,33.3,1032.5
32,2018-12-30,9.1,0.0,256.7,8.5,20.4,1035.1
33,2018-12-31,8.3,0.0,254.2,8.8,20.4,1036.0
34,2019-01-01,7.2,0.0,304.1,10.6,25.9,1036.2
35,2019-01-02,3.6,0.0,341.8,7.6,18.5,1043.4
36,2019-01-03,2.1,0.0,358.8,4.9,14.8,1043.4
37,2019-01-04,0.3,0.0,298.5,5.4,16.7,1042.3
38,2019-01-05,2.2,0.0,286.5,8.2,20.4,1039.5
39,2019-01-06,5.3,0.0,274.5,7.4,16.7,1037.2
40,2019-01-07,7.3,0.0,251.9,13.7,35.2,1032.8
41,2019-01-08,6.5,0.0,303.4,15.1,31.5,1028.6
42,2019-01-09,3.8,0.0,331.2,13.7,29.6,1030.2
43,2019-01-10,3.4,0.3,307.2,7.9,20.4,1030.9
44,2019-01-11,5.6,0.1,304.7,9.0,18.5,1030.4
45,2019-01-12,7.6,0.4,263.7,16.4,33.3,1023.5
46,2019-01-13,9.9,0.2,277.3,21.5,42.6,1015.4
47,2019-01-14,6.9,0.0,286.6,13.3,33.3,1020.5
48,2019-01-15,6.9,0.0,237.3,13.1,29.6,1019.2
49,2019-01-16,7.5,2.9,228.6,16.7,35.2,1005.6
50,2019-01-17,3.0,1.0,298.8,12.5,35.2,1011.2
51,2019-01-18,1.7,0.0,161.6,10.6,29.6,1015.5
52,2019-01-19,3.6,2.1,114.4,14.0,27.8,1009.0
53,2019-01-20,2.1,0.0,28.0,7.3,18.5,1017.8
54,2019-01-21,2.6,0.3,233.3,8.4,31.5,1021.2
55,2019-01-22,2.9,4.8,246.2,10.8,31.5,1002.9
56,2019-01-23,0.6,0.0,327.9,10.2,27.8,1003.0
57,2019-01-24,1.9,0.0,244.9,5.7,16.7,1011.5
58,2019-01-25,7.2,0.3,242.2,10.6,27.8,1014.1
59,2019-01-26,8.1,2.5,229.6,18.8,44.5,1003.1
60,2019-01-27,5.6,0.9,291.4,24.1,55.5,992.2
61,2019-01-28,2.6,0.0,291.6,14.5,38.9,1006.2
62,2019-01-29,2.2,2.4,201.3,8.7,22.2,999.6
63,2019-01-30,1.0,0.3,277.6,8.5,24.1,996.1
64,2019-01-31,0.2,0.1,117.3,12.9,37.0,990.9
65,2019-02-01,1.8,4.2,44.3,19.1,42.6,987.1
66,2019-02-02,1.5,0.0,335.7,16.5,33.3,1007.4
67,2019-02-03,1.3,0.0,245.0,10.5,27.8,1022.6
68,2019-02-04,6.4,5.7,223.6,16.0,38.9,1017.9
69,2019-02-05,6.1,1.7,169.3,11.5,31.5,1022.4
70,2019-02-06,8.8,3.2,203.3,10.9,29.6,1016.2
71,2019-02-07,6.9,2.3,235.9,25.3,55.5,1005.9
72,2019-02-08,8.8,7.0,212.0,29.5,64.8,998.7
73,2019-02-09,7.9,1.2,230.4,27.3,61.1,1000.0
74,2019-02-10,5.6,9.9,258.0,14.6,38.9,998.0
75,2019-02-11,5.0,0.2,287.3,8.7,24.1,1023.1
76,2019-02-12,6.6,0.0,219.4,9.8,27.8,1032.8
77,2019-02-13,7.7,0.0,196.4,10.3,27.8,1032.7
78,2019-02-14,6.1,0.0,153.0,7.2,20.4,1031.7
79,2019-02-15,6.8,0.0,166.3,8.5,24.1,1026.7
80,2019-02-16,9.4,0.0,196.6,12.0,27.8,1022.0
81,2019-02-17,9.8,0.0,182.3,14.5,33.3,1015.3
82,2019-02-18,8.0,1.6,206.2,12.2,27.8,1014.8
83,2019-02-19,7.3,0.0,226.3,13.7,31.5,1018.2
84,2019-02-20,9.1,0.1,207.8,15.4,33.3,1019.4
85,2019-02-21,9.8,0.0,220.9,11.3,25.9,1026.1
86,2019-02-22,8.5,0.0,153.7,6.6,18.5,1034.1
87,2019-02-23,10.1,0.0,135.0,8.3,22.2,1033.5
88,2019-02-24,8.5,0.0,84.5,5.9,20.4,1035.3
89,2019-02-25,8.5,0.0,97.0,6.2,18.5,1035.9
90,2019-02-26,9.5,0.0,92.4,6.6,20.4,1032.3
91,2019-02-27,9.5,0.0,206.4,5.8,20.4,1025.0
92,2019-02-28,8.5,2.0,247.7,12.7,31.5,1016.1
93,2019-03-01,8.9,0.1,265.1,9.4,22.2,1017.9
94,2019-03-02,10.1,1.6,213.4,18.5,44.5,1009.9
95,2019-03-03,10.2,9.6,216.5,26.3,57.4,998.3
96,2019-03-04,6.7,6.0,250.5,20.5,44.5,994.2
97,2019-03-05,7.5,3.0,217.7,17.9,37.0,1001.7
98,2019-03-06,10.0,6.9,187.1,22.0,40.8,989.0
99,2019-03-07,7.6,1.3,249.4,25.5,59.3,992.6
100,2019-03-08,7.2,1.5,241.4,16.4,35.2,1010.1
101,2019-03-09,8.9,0.4,249.2,21.8,51.8,1012.3
102,2019-03-10,7.2,9.0,254.1,24.9,64.8,1010.1
103,2019-03-11,6.5,0.1,261.5,21.4,42.6,1022.5
104,2019-03-12,7.3,7.9,225.9,28.3,51.8,1006.2
105,2019-03-13,8.1,0.5,265.3,30.2,59.3,1007.9
106,2019-03-14,9.7,4.2,258.2,26.2,53.7,1006.6
107,2019-03-15,11.4,3.4,253.8,25.5,51.8,1007.7
108,2019-03-16,10.5,5.8,228.1,30.4,63.0,1002.5
109,2019-03-17,6.5,0.9,266.3,20.8,44.5,1005.0
110,2019-03-18,6.6,0.8,275.1,11.0,24.1,1020.4
111,2019-03-19,8.5,0.0,237.1,8.6,20.4,1027.1
112,2019-03-20,10.6,0.0,232.6,10.1,22.2,1032.0
113,2019-03-21,10.5,0.0,236.6,7.0,16.7,1033.1
114,2019-03-22,10.3,0.0,207.9,10.7,25.9,1028.5
115,2019-03-23,8.6,0.0,9.1,8.7,20.4,1031.6
116,2019-03-24,8.2,0.0,324.4,8.7,25.9,1031.3
117,2019-03-25,7.9,0.0,336.0,12.1,29.6,1032.1
118,2019-03-26,7.6,0.0,296.6,7.6,22.2,1034.6
119,2019-03-27,8.8,0.0,318.5,6.8,18.5,1035.4
120,2019-03-28,9.1,0.0,253.5,4.8,14.8,1035.7
121,2019-03-29,10.1,0.0,177.9,6.2,20.4,1029.3
122,2019-03-30,11.1,0.0,190.5,5.2,18.5,1021.7
123,2019-03-31,9.4,0.0,,,,
124,2019-04-01,7.7,0.0,66.3,13.2,27.8,1020.9
125,2019-04-02,5.8,3.7,269.2,9.2,27.8,1005.4
126,2019-04-03,4.4,1.0,275.4,6.9,20.4,999.1
127,2019-04-04,4.9,2.1,143.1,15.6,38.9,994.5
128,2019-04-05,8.1,0.0,112.0,16.9,33.3,1001.3
129,2019-04-06,7.9,0.1,57.8,15.7,29.6,1005.3
130,2019-04-07,9.2,2.4,29.7,9.6,22.2,1007.9
131,2019-04-08,9.9,0.9,328.1,5.8,14.8,1010.9
132,2019-04-09,8.8,5.3,37.3,14.5,31.5,1013.7
133,2019-04-10,7.1,0.0,44.8,19.9,37.0,1019.7
134,2019-04-11,5.7,0.0,48.1,13.0,25.9,1025.9
135,2019-04-12,5.7,0.0,49.5,11.5,24.1,1027.2
136,2019-04-13,5.4,0.0,58.9,13.1,27.8,1027.8
137,2019-04-14,5.2,0.0,72.8,14.1,31.5,1025.8
138,2019-04-15,7.9,0.0,90.7,17.6,38.9,1020.3
139,2019-04-16,10.3,0.0,38.5,8.9,22.2,1015.3
140,2019-04-17,11.3,0.0,43.2,7.3,20.4,1019.9
141,2019-04-18,13.5,0.0,68.6,15.5,35.2,1022.8
142,2019-04-19,14.7,0.0,49.5,12.4,27.8,1028.3
143,2019-04-20,14.6,0.0,39.2,9.9,24.1,1030.0
144,2019-04-21,14.7,0.0,67.9,7.9,22.2,1020.9
145,2019-04-22,15.3,0.0,84.1,9.9,25.9,1006.6
146,2019-04-23,15.5,0.0,66.2,11.5,27.8,997.7
147,2019-04-24,12.5,2.5,137.0,11.7,31.5,994.1
148,2019-04-25,10.8,5.4,161.5,15.0,35.2,998.8
149,2019-04-26,10.2,0.9,200.4,16.2,38.9,1008.9
150,2019-04-27,8.4,2.0,253.6,31.2,64.8,1009.3
151,2019-04-28,9.0,1.0,319.9,20.1,42.6,1019.0
152,2019-04-29,9.0,0.0,62.4,8.3,20.4,1025.7
153,2019-04-30,10.1,0.0,100.1,7.2,18.5,1024.5
154,2019-05-01,11.0,0.8,238.4,6.8,20.4,1018.3
155,2019-05-02,10.6,3.2,306.8,13.1,33.3,1014.0
156,2019-05-03,8.7,2.6,347.6,9.3,25.9,1014.4
157,2019-05-04,6.3,0.7,358.8,20.6,46.3,1018.6
158,2019-05-05,6.4,0.0,327.6,13.0,27.8,1025.5
159,2019-05-06,7.4,0.0,272.7,10.7,27.8,1021.9
160,2019-05-07,9.3,0.0,189.6,9.2,25.9,1014.9
161,2019-05-08,9.9,9.5,173.2,15.4,37.0,995.8
162,2019-05-09,9.9,7.3,297.3,8.8,27.8,997.4
163,2019-05-10,9.6,0.9,238.9,7.6,22.2,1008.8
164,2019-05-11,9.2,4.5,18.5,9.3,25.9,1018.9
165,2019-05-12,9.6,0.0,43.7,7.9,22.2,1035.4
166,2019-05-13,9.6,0.0,82.0,9.6,25.9,1039.7
167,2019-05-14,10.7,0.0,73.7,12.2,29.6,1034.7
168,2019-05-15,11.6,0.0,78.3,10.9,25.9,1027.2
169,2019-05-16,11.0,0.0,64.6,14.1,35.2,1019.9
170,2019-05-17,10.2,0.2,36.8,14.8,29.6,1009.6
171,2019-05-18,12.0,0.3,16.5,6.9,18.5,1006.8
172,2019-05-19,12.5,1.4,24.8,7.7,20.4,1009.4
173,2019-05-20,13.7,0.6,340.3,10.5,25.9,1012.3
174,2019-05-21,13.5,0.0,329.9,12.7,29.6,1017.8
175,2019-05-22,12.9,0.0,271.9,9.6,25.9,1019.4
176,2019-05-23,14.1,0.0,246.0,9.7,27.8,1016.8
177,2019-05-24,15.0,0.0,312.7,11.7,25.9,1017.2
178,2019-05-25,15.4,0.0,301.1,12.0,29.6,1018.1
179,2019-05-26,15.2,0.5,256.8,16.4,38.9,1013.5
180,2019-05-27,13.0,0.0,269.9,15.0,37.0,1010.5
181,2019-05-28,11.5,1.0,323.4,13.4,31.5,1012.0
182,2019-05-29,11.8,1.3,193.3,12.0,35.2,1018.3
183,2019-05-30,16.0,0.0,248.7,18.4,37.0,1020.1
184,2019-05-31,15.5,0.0,235.7,14.5,31.5,1023.1
185,2019-06-01,17.4,0.0,197.0,10.1,25.9,1019.6
186,2019-06-02,18.5,0.5,202.3,15.8,38.9,1010.3
187,2019-06-03,14.2,0.0,236.4,15.1,35.2,1012.3
188,2019-06-04,13.8,4.0,152.6,11.4,31.5,1006.7
189,2019-06-05,13.4,0.0,220.3,12.7,29.6,1005.8
190,2019-06-06,12.9,0.0,215.2,13.6,33.3,1010.1
191,2019-06-07,12.9,11.3,94.1,15.5,37.0,1003.5
192,2019-06-08,12.6,5.1,249.0,24.3,55.5,1009.9
193,2019-06-09,12.7,0.0,220.6,9.9,22.2,1020.3
194,2019-06-10,10.7,35.1,1.8,14.0,33.3,1014.8
195,2019-06-11,12.2,1.4,41.9,12.1,33.3,1011.1
196,2019-06-12,11.9,8.9,45.3,9.7,24.1,1009.8
197,2019-06-13,11.7,6.6,204.0,17.0,38.9,1005.6
198,2019-06-14,13.7,1.1,195.9,16.1,37.0,1010.2
199,2019-06-15,13.6,0.1,194.5,13.5,35.2,1012.8
200,2019-06-16,13.6,0.0,205.8,16.8,42.6,1016.4
201,2019-06-17,15.2,0.0,206.4,14.5,33.3,1017.6
202,2019-06-18,14.6,6.4,152.4,6.9,18.5,1014.0
203,2019-06-19,15.2,6.6,332.1,10.7,24.1,1007.9
204,2019-06-20,14.3,0.2,265.9,15.2,35.2,1012.4
205,2019-06-21,13.7,0.0,259.5,11.0,27.8,1019.1
206,2019-06-22,15.4,0.0,120.6,10.6,29.6,1021.4
207,2019-06-23,17.4,0.0,79.3,14.0,31.5,1017.0
208,2019-06-24,20.6,0.1,146.5,10.4,22.2,1015.2
209,2019-06-25,19.2,22.7,0.5,11.4,25.9,1018.0
210,2019-06-26,17.2,0.0,37.4,18.4,37.0,1026.5
211,2019-06-27,16.3,0.0,58.2,20.9,38.9,1028.6
212,2019-06-28,17.3,0.0,80.2,17.7,33.3,1024.5
213,2019-06-29,22.4,0.0,122.0,13.0,31.5,1015.8
214,2019-06-30,19.2,0.0,273.5,19.5,38.9,1015.3
215,2019-07-01,16.4,0.0,285.1,17.0,35.2,1019.6
216,2019-07-02,14.8,0.0,350.4,11.7,25.9,1024.6
217,2019-07-03,15.6,0.0,42.1,9.6,24.1,1026.4
218,2019-07-04,17.1,0.0,10.2,7.2,22.2,1025.1
219,2019-07-05,19.0,0.0,294.5,9.8,24.1,1018.9
220,2019-07-06,17.8,0.5,323.6,11.1,24.1,1013.5
221,2019-07-07,15.3,1.9,82.4,10.4,22.2,1016.4
222,2019-07-08,15.3,0.1,115.3,8.2,24.1,1020.9
223,2019-07-09,16.7,0.0,190.0,9.5,20.4,1021.1
224,2019-07-10,18.6,2.5,230.3,11.5,27.8,1018.1
225,2019-07-11,18.7,0.0,261.9,11.8,29.6,1012.6
226,2019-07-12,18.4,0.0,306.1,15.8,38.9,1014.3
227,2019-07-13,17.4,0.0,349.6,13.1,25.9,1020.9
228,2019-07-14,16.1,0.0,32.8,12.0,29.6,1023.0
229,2019-07-15,15.0,0.0,25.6,9.6,22.2,1022.5
230,2019-07-16,17.4,0.0,229.6,7.9,22.2,1019.2
231,2019-07-17,18.8,0.0,216.9,10.3,25.9,1014.3
232,2019-07-18,17.8,0.1,250.0,14.1,33.3,1010.1
233,2019-07-19,16.0,11.8,219.0,14.5,35.2,1011.1
234,2019-07-20,18.5,10.3,231.2,19.4,44.5,1008.2
235,2019-07-21,17.0,0.0,241.4,14.4,31.5,1019.5
236,2019-07-22,20.3,0.0,225.8,17.1,37.0,1021.3
237,2019-07-23,23.0,0.0,140.3,11.7,33.3,1018.0
238,2019-07-24,24.5,0.4,197.1,13.4,31.5,1012.2
239,2019-07-25,26.3,0.1,121.8,13.0,37.0,1010.8
240,2019-07-26,22.4,3.0,279.1,12.8,27.8,1010.1
241,2019-07-27,17.0,16.0,308.1,14.0,29.6,1006.8
242,2019-07-28,16.3,0.0,288.9,18.5,40.8,1005.8
243,2019-07-29,17.9,0.0,199.5,12.6,29.6,1008.7
244,2019-07-30,17.5,7.2,161.5,21.2,50.0,1005.4
245,2019-07-31,17.7,1.1,249.4,21.8,44.5,1011.4
246,2019-08-01,17.7,0.0,302.9,11.9,24.1,1016.8
247,2019-08-02,18.0,0.0,4.0,12.2,25.9,1019.1
248,2019-08-03,18.0,0.0,111.0,7.5,20.4,1019.0
249,2019-08-04,18.9,0.0,150.7,11.1,27.8,1013.7
250,2019-08-05,18.0,1.8,230.2,15.7,37.0,1009.8
251,2019-08-06,17.2,0.4,224.5,17.5,38.9,1008.1
252,2019-08-07,17.3,0.4,239.5,18.3,40.8,1006.1
253,2019-08-08,17.3,0.0,214.4,11.5,24.1,1009.5
254,2019-08-09,19.7,11.8,180.3,20.8,48.2,1001.3
255,2019-08-10,18.0,0.1,226.6,34.8,72.2,1003.3
256,2019-08-11,16.5,0.1,232.0,21.5,44.5,1011.0
257,2019-08-12,14.2,5.1,279.1,10.0,25.9,1014.2
258,2019-08-13,13.3,0.0,271.4,13.1,31.5,1018.1
259,2019-08-14,14.3,7.2,203.2,14.5,35.2,1012.9
260,2019-08-15,16.9,0.0,270.1,20.6,46.3,1011.4
261,2019-08-16,14.7,12.6,212.8,18.0,42.6,1011.8
262,2019-08-17,17.5,0.0,236.9,19.8,40.8,1004.4
263,2019-08-18,16.0,0.2,237.1,16.4,40.8,1005.1
264,2019-08-19,14.9,0.7,243.5,17.7,38.9,1013.3
265,2019-08-20,14.2,0.0,262.0,13.4,31.5,1022.1
266,2019-08-21,15.3,0.0,220.5,11.1,27.8,1026.5
267,2019-08-22,16.5,0.0,228.9,13.5,33.3,1024.5
268,2019-08-23,18.5,0.0,197.9,9.3,25.9,1024.2
269,2019-08-24,20.1,0.0,119.8,10.2,27.8,1019.4
270,2019-08-25,22.5,0.0,124.0,9.8,27.8,1017.8
271,2019-08-26,22.9,0.0,150.8,8.8,24.1,1017.8
272,2019-08-27,23.0,0.0,131.1,8.6,25.9,1014.4
273,2019-08-28,18.7,2.1,247.7,12.8,33.3,1013.5
274,2019-08-29,16.6,0.0,255.0,14.7,35.2,1018.9
275,2019-08-30,16.9,0.0,219.9,15.6,35.2,1020.5
276,2019-08-31,16.3,0.0,228.9,13.9,37.0,1012.6
277,2019-09-01,13.7,0.0,290.8,12.6,31.5,1017.1
278,2019-09-02,13.8,0.0,255.7,13.1,33.3,1023.3
279,2019-09-03,16.0,0.0,250.7,16.0,35.2,1022.5
280,2019-09-04,16.0,5.4,257.3,20.5,44.5,1015.5
281,2019-09-05,12.7,0.0,310.2,16.3,33.3,1023.9
282,2019-09-06,12.5,1.4,253.2,16.1,44.5,1022.1
283,2019-09-07,12.2,0.0,336.9,14.2,33.3,1022.7
284,2019-09-08,11.2,0.0,337.2,10.6,25.9,1023.5
285,2019-09-09,11.5,4.7,167.1,9.3,24.1,1013.8
286,2019-09-10,13.3,0.0,307.1,8.3,24.1,1018.0
287,2019-09-11,15.4,1.3,240.0,18.1,40.8,1019.6
288,2019-09-12,17.0,0.0,246.6,16.1,38.9,1026.4
289,2019-09-13,15.5,0.0,1.3,11.8,24.1,1033.3
290,2019-09-14,14.7,0.0,115.4,6.5,18.5,1032.5
291,2019-09-15,16.1,0.0,275.1,9.8,25.9,1024.7
292,2019-09-16,15.9,0.1,317.1,9.0,20.4,1021.8
293,2019-09-17,13.2,0.0,355.6,11.1,27.8,1025.0
294,2019-09-18,11.9,0.0,33.0,7.9,22.2,1029.6
295,2019-09-19,13.9,0.0,47.4,5.9,20.4,1030.9
296,2019-09-20,14.4,0.0,93.5,12.5,35.2,1026.0
297,2019-09-21,16.9,0.0,109.1,15.1,35.2,1013.2
298,2019-09-22,17.3,3.5,160.9,11.2,25.9,1004.8
299,2019-09-23,15.1,2.9,203.8,15.5,33.3,1009.8
300,2019-09-24,15.9,18.4,200.0,17.1,35.2,1002.0
301,2019-09-25,15.6,6.9,227.0,16.4,33.3,999.9
302,2019-09-26,16.0,3.9,224.8,19.5,42.6,1003.0
303,2019-09-27,14.0,3.3,224.5,20.6,42.6,1003.8
304,2019-09-28,14.3,2.9,233.5,22.5,48.2,1008.1
305,2019-09-29,15.3,16.6,234.8,25.6,48.2,997.3
306,2019-09-30,13.0,11.8,229.0,13.1,29.6,1009.0
307,2019-10-01,14.4,11.2,252.9,15.1,33.3,999.6
308,2019-10-02,8.8,0.0,328.6,14.8,33.3,1016.6
309,2019-10-03,8.6,1.6,191.7,9.8,29.6,1017.1
310,2019-10-04,12.1,0.5,257.8,15.2,33.3,1004.8
311,2019-10-05,11.6,0.3,75.4,9.2,22.2,1013.7
312,2019-10-06,12.7,13.0,271.9,18.4,46.3,1010.6
313,2019-10-07,11.5,2.5,240.6,12.0,31.5,1014.9
314,2019-10-08,12.3,0.2,243.7,18.0,42.6,1007.0
315,2019-10-09,11.0,0.0,245.6,18.0,40.8,1005.1
316,2019-10-10,11.6,0.6,241.2,20.8,44.5,1010.4
317,2019-10-11,14.6,11.2,225.2,25.1,50.0,1006.5
318,2019-10-12,10.9,16.2,203.2,7.6,22.2,1007.4
319,2019-10-13,12.6,9.0,183.3,13.6,42.6,1004.3
320,2019-10-14,11.5,8.6,124.7,12.2,33.3,1006.3
321,2019-10-15,12.0,0.0,217.6,11.8,27.8,1003.6
322,2019-10-16,12.0,5.9,214.1,12.8,29.6,1003.3
323,2019-10-17,9.8,1.4,197.0,10.8,27.8,1005.9
324,2019-10-18,11.0,2.3,208.7,19.4,44.5,1000.0
325,2019-10-19,10.5,0.0,225.5,14.4,35.2,1000.8
326,2019-10-20,8.0,0.0,338.4,11.4,29.6,1009.8
327,2019-10-21,9.2,2.7,346.0,16.8,35.2,1017.9
328,2019-10-22,8.0,0.0,252.8,6.5,16.7,1023.4
329,2019-10-23,9.3,0.4,84.4,7.6,20.4,1014.1
330,2019-10-24,10.6,9.1,269.1,7.7,22.2,1005.2
331,2019-10-25,11.6,0.9,206.8,20.1,55.5,1011.7
332,2019-10-26,13.7,8.5,233.4,27.1,57.4,1008.2
333,2019-10-27,6.3,0.0,300.4,9.6,24.1,1022.7
334,2019-10-28,5.7,0.0,20.3,9.3,22.2,1025.0
335,2019-10-29,7.1,0.0,51.0,13.1,27.8,1025.4
336,2019-10-30,7.6,0.0,78.8,14.6,31.5,1024.2
337,2019-10-31,8.1,0.4,98.0,13.7,27.8,1018.7
338,2019-11-01,12.1,10.2,180.6,14.4,31.5,999.5
339,2019-11-02,11.0,3.7,220.3,27.8,57.4,980.9
340,2019-11-03,8.7,0.0,226.5,10.7,31.5,981.4
341,2019-11-04,8.5,1.3,171.9,8.4,20.4,984.0
342,2019-11-05,8.1,0.5,353.7,15.4,31.5,996.6
343,2019-11-06,5.8,1.0,352.0,10.1,29.6,1003.3
344,2019-11-07,6.4,8.7,215.2,12.4,33.3,992.8
345,2019-11-08,4.2,0.1,342.3,11.3,25.9,1006.3
346,2019-11-09,3.7,4.8,145.2,10.3,25.9,1006.4
347,2019-11-10,6.4,1.1,67.0,11.0,25.9,1010.8
348,2019-11-11,5.8,4.9,248.5,19.1,46.3,1002.1
349,2019-11-12,4.4,1.0,261.8,20.2,40.8,998.7
350,2019-11-13,4.9,0.4,235.7,11.8,27.8,998.3
351,2019-11-14,4.4,10.1,62.9,8.3,29.6,995.5
352,2019-11-15,4.7,6.3,2.9,18.6,40.8,1003.0
353,2019-11-16,4.7,0.0,73.8,7.6,27.8,1006.1
354,2019-11-17,4.2,0.0,17.9,6.2,20.4,1011.4
355,2019-11-18,4.4,0.3,330.8,14.8,35.2,1015.5
356,2019-11-19,2.2,0.0,173.4,6.8,18.5,1016.8
357,2019-11-20,4.2,0.0,126.3,14.2,31.5,1012.6
358,2019-11-21,4.6,0.4,108.6,15.4,29.6,1003.8
359,2019-11-22,6.9,2.5,132.1,15.8,31.5,996.0
360,2019-11-23,8.2,4.3,85.5,14.7,33.3,994.2
361,2019-11-24,8.2,0.0,162.0,8.2,20.4,1003.3
362,2019-11-25,9.2,5.8,153.0,13.4,27.8,1002.3
363,2019-11-26,10.2,1.6,181.6,14.4,35.2,995.7
364,2019-11-27,8.8,7.3,218.1,11.1,29.6,983.9
365,2019-11-28,7.3,2.8,302.4,16.4,33.3,995.2
366,2019-11-29,3.4,0.6,1.0,8.8,20.4,1015.3
367,2019-11-30,2.5,0.0,78.5,10.2,24.1,1021.5
368,2019-12-01,3.2,0.0,20.2,15.0,33.3,1023.6
369,2019-12-02,1.3,0.0,307.3,9.4,24.1,1030.8
370,2019-12-03,3.8,0.0,224.9,7.3,18.5,1027.8
371,2019-12-04,3.3,0.0,191.8,5.9,16.7,1021.3
372,2019-12-05,4.3,0.6,229.4,15.2,40.8,1018.7
373,2019-12-06,9.5,4.2,245.2,25.2,46.3,1006.0
374,2019-12-07,7.5,0.0,241.0,16.6,37.0,1012.0
375,2019-12-08,8.6,4.3,241.8,31.1,59.3,999.5
376,2019-12-09,5.2,1.0,290.7,22.2,53.7,1008.1
377,2019-12-10,6.0,6.7,207.0,23.8,61.1,1014.1
378,2019-12-11,4.2,1.0,234.9,12.8,29.6,1005.1
379,2019-12-12,4.2,12.9,201.3,15.9,38.9,989.5
380,2019-12-13,5.8,4.1,266.4,24.2,50.0,979.0
381,2019-12-14,5.0,2.4,247.6,24.5,55.5,989.4
382,2019-12-15,5.5,3.4,224.0,22.6,46.3,994.7
383,2019-12-16,6.5,4.9,173.7,10.2,35.2,999.7
384,2019-12-17,5.2,9.5,316.9,8.6,20.4,1000.3
385,2019-12-18,5.8,2.3,168.1,14.9,37.0,1007.6
386,2019-12-19,9.8,13.6,167.5,19.6,37.0,997.2
387,2019-12-20,7.7,14.9,211.5,13.3,35.2,981.6
388,2019-12-21,7.4,4.5,173.8,15.7,35.2,979.9
389,2019-12-22,7.0,1.2,257.5,17.0,35.2,984.3
390,2019-12-23,6.5,0.0,247.6,18.0,38.9,1006.4
391,2019-12-24,7.9,1.8,245.4,20.2,48.2,1008.2
392,2019-12-25,4.3,0.0,267.7,10.9,29.6,1023.0
393,2019-12-26,5.6,5.5,171.7,15.3,35.2,1017.3
394,2019-12-27,6.2,0.0,340.6,9.3,29.6,1028.3
395,2019-12-28,6.9,0.0,170.1,9.1,20.4,1036.3
396,2019-12-29,5.7,0.0,184.6,11.2,24.1,1033.7
397,2019-12-30,6.1,0.0,223.3,11.7,25.9,1029.4
398,2019-12-31,6.1,0.0,71.7,11.0,25.9,1031.4
399,2020-01-01,4.8,0.0,160.4,6.6,20.4,1029.1
400,2020-01-02,7.3,0.0,195.6,16.1,37.0,1020.3
401,2020-01-03,7.0,1.5,275.2,17.3,35.2,1020.9
402,2020-01-04,4.5,0.0,258.1,12.8,29.6,1033.9
403,2020-01-05,5.5,0.0,220.2,11.1,25.9,1033.4
404,2020-01-06,6.2,1.2,210.4,16.3,37.0,1021.8
405,2020-01-07,7.8,0.1,216.5,18.1,42.6,1021.3
406,2020-01-08,10.1,4.0,228.1,13.0,38.9,1020.6
407,2020-01-09,9.6,6.1,223.0,19.1,42.6,1007.5
408,2020-01-10,5.1,0.1,285.4,12.9,29.6,1022.6
409,2020-01-11,8.0,0.0,210.5,23.9,48.2,1023.9
410,2020-01-12,8.4,2.2,234.5,22.9,50.0,1018.1
411,2020-01-13,7.1,4.8,196.9,21.9,51.8,1008.3
412,2020-01-14,9.2,7.3,208.5,27.2,66.7,996.3
413,2020-01-15,7.9,11.8,229.0,17.5,59.3,1006.5
414,2020-01-16,8.1,8.1,176.6,20.0,48.2,1014.7
415,2020-01-17,6.7,3.4,230.1,16.4,40.8,1012.6
416,2020-01-18,2.6,0.0,290.0,11.5,25.9,1027.6
417,2020-01-19,1.4,0.0,330.6,8.7,24.1,1043.7
418,2020-01-20,1.5,0.0,267.1,6.2,16.7,1047.3
419,2020-01-21,1.8,0.0,276.3,6.5,14.8,1042.2
420,2020-01-22,4.9,0.0,356.8,6.5,16.7,1037.7
421,2020-01-23,5.8,0.0,30.4,5.5,14.8,1031.8
422,2020-01-24,5.4,0.0,285.9,5.5,14.8,1023.5
423,2020-01-25,5.3,0.0,176.7,9.1,22.2,1018.7
424,2020-01-26,7.2,5.0,192.8,15.6,37.0,1009.7
425,2020-01-27,6.2,2.2,211.4,13.6,27.8,1000.3
426,2020-01-28,3.9,0.4,259.0,23.2,44.5,995.4
427,2020-01-29,5.0,0.0,251.3,20.3,40.8,1008.2
428,2020-01-30,8.4,0.0,215.9,17.7,37.0,1004.4
429,2020-01-31,10.1,0.4,232.3,23.3,46.3,1006.0
430,2020-02-01,9.1,0.0,246.1,25.8,59.3,1004.1
431,2020-02-02,9.3,2.6,233.3,21.6,51.8,1007.6
432,2020-02-03,7.9,0.1,265.3,21.9,42.6,1012.9
433,2020-02-04,5.3,0.0,298.3,24.8,51.8,1021.5
434,2020-02-05,4.0,0.0,264.4,7.0,20.4,1036.5
435,2020-02-06,3.4,0.0,173.8,5.8,18.5,1031.8
436,2020-02-07,4.6,0.0,140.4,13.8,31.5,1019.5
437,2020-02-08,7.9,1.5,212.9,17.0,46.3,1014.5
438,2020-02-09,9.8,10.6,224.4,45.9,88.9,994.2
439,2020-02-10,5.9,2.2,259.2,38.6,70.4,997.3
440,2020-02-11,4.0,0.1,263.8,35.3,70.4,1007.0
441,2020-02-12,4.1,0.1,244.9,21.5,44.5,1013.6
442,2020-02-13,6.7,8.7,239.0,21.9,44.5,998.5
443,2020-02-14,6.5,0.0,220.5,16.5,40.8,1016.6
444,2020-02-15,10.7,10.3,205.7,33.3,74.1,1006.4
445,2020-02-16,9.5,23.7,229.1,34.7,79.6,996.2
446,2020-02-17,6.2,0.6,242.2,27.9,50.0,1009.4
447,2020-02-18,5.7,1.4,249.0,26.4,55.5,1017.9
448,2020-02-19,5.2,1.6,246.9,19.8,37.0,1018.5
449,2020-02-20,6.8,6.0,239.8,25.8,55.5,1011.7
450,2020-02-21,6.7,0.0,238.8,26.5,53.7,1021.9
451,2020-02-22,9.6,0.0,247.1,33.6,64.8,1017.8
452,2020-02-23,9.4,6.5,255.9,25.5,61.1,1017.4
453,2020-02-24,8.2,5.9,220.4,23.9,59.3,1010.5
454,2020-02-25,4.7,1.8,262.5,22.3,44.5,1000.4
455,2020-02-26,3.4,0.0,281.1,22.1,46.3,1003.1
456,2020-02-27,3.1,4.4,292.8,15.7,48.2,1003.4
457,2020-02-28,5.2,4.8,199.1,19.6,48.2,1005.7
458,2020-02-29,7.2,6.9,229.4,31.7,57.4,986.8
459,2020-03-01,5.5,0.0,232.6,24.7,48.2,989.1
460,2020-03-02,4.7,3.1,280.0,14.0,33.3,990.2
461,2020-03-03,4.1,0.7,256.5,15.3,35.2,1002.3
462,2020-03-04,4.1,2.3,180.3,10.1,22.2,1007.7
463,2020-03-05,4.5,9.0,24.7,21.5,42.6,995.1
464,2020-03-06,4.2,0.2,309.5,13.4,33.3,1004.5
465,2020-03-07,6.3,0.0,231.2,16.9,42.6,1014.9
466,2020-03-08,8.8,2.2,233.2,24.9,50.0,1006.0
467,2020-03-09,6.9,6.2,248.9,21.4,40.8,1010.5
468,2020-03-10,11.6,4.7,251.2,29.8,61.1,1004.8
469,2020-03-11,10.0,1.8,241.9,21.8,46.3,1009.1
470,2020-03-12,6.5,0.1,252.0,30.9,61.1,1009.7
471,2020-03-13,6.3,0.0,253.4,18.8,42.6,1017.1
472,2020-03-14,8.3,3.3,192.1,15.1,35.2,1013.5
473,2020-03-15,8.3,2.8,225.9,19.6,44.5,1008.4
474,2020-03-16,6.1,0.0,280.9,10.3,24.1,1020.8
475,2020-03-17,8.2,0.0,223.0,18.1,37.0,1026.7
476,2020-03-18,10.2,0.0,235.3,17.2,35.2,1024.6
477,2020-03-19,6.4,0.1,38.5,13.4,29.6,1025.8
478,2020-03-20,5.2,0.8,45.5,20.6,40.8,1028.3
479,2020-03-21,5.2,0.0,71.0,21.0,44.5,1026.7
480,2020-03-22,4.7,0.0,74.7,18.8,38.9,1027.1
481,2020-03-23,5.1,0.0,111.2,14.9,33.3,1027.3
482,2020-03-24,6.3,0.0,143.2,12.9,27.8,1025.9
483,2020-03-25,6.0,0.0,109.2,10.8,25.9,1024.9
484,2020-03-26,5.2,0.0,47.6,14.1,31.5,1023.8
485,2020-03-27,5.8,0.0,29.4,18.8,38.9,1024.1
486,2020-03-28,5.7,0.0,28.0,26.8,51.8,1028.6
487,2020-03-29,5.4,0.0,,,,1037.2
488,2020-03-30,3.3,0.2,8.3,16.9,37.0,1034.7
489,2020-03-31,5.0,0.0,42.3,15.9,31.5,1031.5
490,2020-04-01,4.2,0.0,340.6,7.6,22.2,1024.3
491,2020-04-02,6.8,0.1,280.0,12.4,31.5,1016.2
492,2020-04-03,7.2,0.0,268.5,9.0,24.1,1017.4
493,2020-04-04,8.3,0.0,169.6,11.6,27.8,1020.1
494,2020-04-05,12.2,0.0,143.2,16.9,37.0,1014.6
495,2020-04-06,12.5,0.9,228.7,12.7,31.5,1016.7
496,2020-04-07,11.0,0.0,83.7,8.6,24.1,1028.8
497,2020-04-08,13.5,0.0,72.5,8.8,20.4,1024.9
498,2020-04-09,13.9,0.0,77.8,11.4,29.6,1024.8
499,2020-04-10,13.9,0.0,98.3,13.0,29.6,1024.7
500,2020-04-11,15.5,0.0,146.3,8.3,20.4,1022.3
501,2020-04-12,15.4,0.1,213.3,9.0,27.8,1015.2
502,2020-04-13,8.1,0.0,43.7,24.1,44.5,1024.7
503,2020-04-14,6.0,0.0,64.0,10.3,24.1,1028.6
504,2020-04-15,8.8,0.0,104.8,9.3,25.9,1023.4
505,2020-04-16,11.7,0.0,87.2,10.0,22.2,1016.4
506,2020-04-17,10.0,2.2,66.4,17.7,35.2,1016.6
507,2020-04-18,9.2,7.0,42.9,14.1,29.6,1017.1
508,2020-04-19,10.2,0.0,38.3,15.8,35.2,1019.9
509,2020-04-20,10.4,0.0,52.8,22.2,46.3,1017.6
510,2020-04-21,11.5,0.0,57.0,22.2,42.6,1016.9
511,2020-04-22,12.8,0.0,52.4,18.0,35.2,1019.5
512,2020-04-23,13.8,0.0,60.3,12.3,25.9,1019.7
513,2020-04-24,13.2,0.0,57.2,8.9,22.2,1016.3
514,2020-04-25,10.9,0.0,96.5,10.3,22.2,1015.2
515,2020-04-26,11.6,0.0,168.5,7.5,20.4,1012.3
516,2020-04-27,12.2,0.0,247.3,8.3,24.1,1007.6
517,2020-04-28,8.2,14.9,50.2,16.5,35.2,1004.5
518,2020-04-29,9.2,2.4,191.0,12.8,35.2,1002.0
519,2020-04-30,8.8,6.8,217.0,20.2,38.9,995.5
520,2020-05-01,9.8,0.9,255.0,18.8,40.8,999.3
521,2020-05-02,9.9,0.0,269.1,14.4,33.3,1009.8
522,2020-05-03,11.0,0.0,163.1,8.0,20.4,1016.4
523,2020-05-04,10.9,0.0,68.4,11.9,29.6,1019.2
524,2020-05-05,9.0,0.0,75.2,19.9,38.9,1021.2
525,2020-05-06,9.6,0.0,73.9,12.8,25.9,1025.5
526,2020-05-07,13.0,0.0,143.0,9.1,24.1,1023.0
527,2020-05-08,16.0,0.0,176.8,6.6,18.5,1018.1
528,2020-05-09,16.7,0.0,78.3,10.3,27.8,1012.8
529,2020-05-10,12.1,0.0,28.2,21.7,51.8,1010.1
530,2020-05-11,7.0,0.0,28.5,27.9,53.7,1019.6
531,2020-05-12,7.6,0.0,324.1,8.5,24.1,1021.2
532,2020-05-13,7.5,0.0,11.5,16.1,38.9,1017.4
533,2020-05-14,6.8,0.0,31.5,14.5,31.5,1023.0
534,2020-05-15,9.9,0.0,333.2,7.9,24.1,1023.9
535,2020-05-16,10.5,0.0,297.9,9.3,25.9,1024.4
536,2020-05-17,12.4,0.0,259.4,9.8,29.6,1023.8
537,2020-05-18,14.8,0.0,257.0,14.9,35.2,1023.5
538,2020-05-19,16.5,0.0,269.1,11.1,25.9,1023.1
539,2020-05-20,18.5,0.0,221.4,9.4,27.8,1021.6
540,2020-05-21,19.2,0.0,207.7,9.3,24.1,1019.2
541,2020-05-22,16.8,0.0,224.1,21.7,51.8,1015.2
542,2020-05-23,13.1,0.0,250.2,25.5,59.3,1021.9
543,2020-05-24,14.1,0.0,277.5,17.9,37.0,1029.6
544,2020-05-25,16.7,0.0,273.3,8.1,24.1,1034.4
545,2020-05-26,17.3,0.0,302.5,8.2,24.1,1035.4
546,2020-05-27,17.8,0.0,74.0,7.9,25.9,1035.4
547,2020-05-28,15.0,0.0,83.7,13.2,31.5,1034.3
548,2020-05-29,15.0,0.0,82.8,13.3,29.6,1028.3
549,2020-05-30,15.7,0.0,70.1,14.1,33.3,1023.7
550,2020-05-31,16.7,0.0,71.2,16.2,37.0,1022.8
551,2020-06-01,16.7,0.0,53.4,14.6,29.6,1022.9
552,2020-06-02,16.6,0.0,6.0,11.8,25.9,1019.4
553,2020-06-03,14.3,2.9,34.8,11.5,29.6,1009.1
554,2020-06-04,11.5,2.1,328.6,17.3,33.3,1003.7
555,2020-06-05,11.2,3.6,285.2,20.2,46.3,997.1
556,2020-06-06,9.5,3.2,265.1,22.5,51.8,999.1
557,2020-06-07,11.5,1.7,307.2,12.4,27.8,1008.3
558,2020-06-08,11.1,0.1,6.0,13.8,29.6,1018.5
559,2020-06-09,11.9,0.0,70.1,6.2,18.5,1020.4
560,2020-06-10,11.9,6.7,172.4,8.7,22.2,1015.6
561,2020-06-11,13.0,2.6,56.4,17.0,37.0,1011.8
562,2020-06-12,15.0,3.2,71.1,17.8,38.9,1006.1
563,2020-06-13,16.8,0.0,111.3,14.1,37.0,1008.5
564,2020-06-14,16.6,0.0,160.7,10.7,27.8,1013.9
565,2020-06-15,16.5,0.0,222.6,8.6,22.2,1016.2
566,2020-06-16,16.4,0.0,187.2,8.9,22.2,1014.4
567,2020-06-17,16.1,4.3,130.6,7.2,22.2,1012.7
568,2020-06-18,14.9,12.4,264.5,10.2,27.8,1010.2
569,2020-06-19,14.5,2.9,212.1,15.7,37.0,1013.8
570,2020-06-20,15.3,0.0,207.0,12.8,29.6,1019.2
571,2020-06-21,16.1,1.3,223.2,17.3,38.9,1017.0
572,2020-06-22,15.0,0.0,227.0,13.6,31.5,1024.4
573,2020-06-23,19.0,0.0,169.0,11.4,27.8,1023.8
574,2020-06-24,22.2,0.0,99.5,14.7,35.2,1020.5
575,2020-06-25,23.1,0.0,92.0,15.2,35.2,1016.0
576,2020-06-26,20.8,0.0,207.4,12.7,35.2,1009.3
577,2020-06-27,16.3,6.2,203.8,19.7,51.8,1005.5
578,2020-06-28,15.0,0.0,237.5,24.3,53.7,1009.3
579,2020-06-29,14.4,0.0,244.9,25.0,55.5,1009.6
580,2020-06-30,14.6,1.3,239.5,16.8,33.3,1007.3
581,2020-07-01,16.6,0.7,243.0,17.7,37.0,1005.4
582,2020-07-02,15.3,0.8,260.6,14.1,31.5,1010.7
583,2020-07-03,14.9,1.9,247.3,21.2,50.0,1015.5
584,2020-07-04,17.2,1.8,235.0,26.1,50.0,1011.1
585,2020-07-05,17.3,0.0,254.7,29.1,51.8,1010.7
586,2020-07-06,14.3,0.0,288.1,20.5,40.8,1018.3
587,2020-07-07,14.2,3.0,262.1,12.3,33.3,1020.2
588,2020-07-08,15.5,15.7,253.7,13.3,25.9,1014.7
589,2020-07-09,16.3,7.9,252.4,16.7,35.2,1012.1
590,2020-07-10,14.2,1.8,324.7,17.1,35.2,1017.1
591,2020-07-11,13.5,0.0,325.1,11.9,27.8,1026.2
592,2020-07-12,15.7,0.0,284.4,6.4,20.4,1028.3
593,2020-07-13,16.7,3.7,242.3,12.8,33.3,1023.4
594,2020-07-14,15.9,1.5,311.3,11.3,27.8,1016.6
595,2020-07-15,14.6,0.8,295.6,10.3,24.1,1015.9
596,2020-07-16,16.9,0.0,302.8,13.4,29.6,1019.4
597,2020-07-17,19.8,0.0,274.6,10.5,29.6,1020.5
598,2020-07-18,17.9,0.0,267.7,13.2,31.5,1018.5
599,2020-07-19,16.0,2.6,340.9,9.9,24.1,1017.7
600,2020-07-20,15.0,0.0,353.8,11.2,25.9,1022.9
601,2020-07-21,14.7,0.0,0.5,8.6,22.2,1026.0
602,2020-07-22,17.2,0.0,209.5,10.3,29.6,1023.6
603,2020-07-23,17.1,0.0,241.1,14.6,35.2,1016.4
604,2020-07-24,18.2,0.2,257.9,14.0,31.5,1012.4
605,2020-07-25,17.5,8.8,222.1,17.8,38.9,1007.8
606,2020-07-26,16.5,0.0,247.7,18.5,42.6,1009.8
607,2020-07-27,17.0,3.1,208.4,19.4,48.2,1007.9
608,2020-07-28,15.5,0.0,277.5,17.7,40.8,1013.6
609,2020-07-29,15.2,0.0,256.7,10.5,27.8,1020.1
610,2020-07-30,19.3,0.0,183.5,9.6,25.9,1018.5
611,2020-07-31,23.6,0.0,147.2,15.1,37.0,1012.3
612,2020-08-01,19.4,0.0,261.9,15.5,33.3,1014.8
613,2020-08-02,16.5,0.0,273.6,14.3,33.3,1016.2
614,2020-08-03,15.9,0.0,332.1,12.3,31.5,1015.6
615,2020-08-04,16.0,0.0,243.6,12.5,37.0,1016.0
616,2020-08-05,18.5,0.0,213.6,19.2,42.6,1012.9
617,2020-08-06,20.7,0.0,203.1,12.2,25.9,1016.8
618,2020-08-07,24.3,0.0,132.0,8.6,25.9,1018.2
619,2020-08-08,24.9,0.0,41.4,12.7,31.5,1018.9
620,2020-08-09,23.5,0.0,53.8,16.6,35.2,1017.7
621,2020-08-10,24.5,0.0,76.6,14.7,35.2,1014.2
622,2020-08-11,25.1,0.0,97.2,9.0,25.9,1014.6
623,2020-08-12,25.4,0.0,86.1,10.1,29.6,1013.4
624,2020-08-13,21.6,7.9,27.7,11.5,29.6,1012.4
625,2020-08-14,18.9,9.4,352.6,11.9,24.1,1013.0
626,2020-08-15,18.8,7.7,27.1,10.9,24.1,1014.5
627,2020-08-16,19.4,4.3,122.2,8.3,20.4,1011.0
628,2020-08-17,17.3,1.4,218.1,9.6,24.1,1008.2
629,2020-08-18,17.4,1.5,216.7,13.4,29.6,1008.9
630,2020-08-19,17.7,12.5,161.0,14.4,37.0,1004.0
631,2020-08-20,19.2,3.1,200.8,15.7,35.2,1002.5
632,2020-08-21,19.0,0.0,208.8,28.0,63.0,1003.2
633,2020-08-22,17.2,0.0,236.8,23.6,48.2,1011.3
634,2020-08-23,16.1,0.0,260.5,18.8,33.3,1015.7
635,2020-08-24,15.3,0.1,249.8,13.4,27.8,1015.5
636,2020-08-25,16.9,12.2,206.2,28.6,68.5,1002.8
637,2020-08-26,16.8,0.0,272.4,27.9,63.0,1010.6
638,2020-08-27,14.3,8.5,219.3,9.3,24.1,1012.2
639,2020-08-28,13.2,13.5,291.9,11.6,42.6,1001.1
640,2020-08-29,11.9,7.1,337.5,26.5,48.2,1007.8
641,2020-08-30,12.4,1.7,353.2,20.9,42.6,1016.9
642,2020-08-31,12.2,0.0,354.9,7.2,18.5,1022.0
643,2020-09-01,13.2,0.0,61.3,5.5,16.7,1021.1
644,2020-09-02,14.3,2.5,199.6,10.0,27.8,1019.2
645,2020-09-03,17.1,1.4,236.0,20.2,40.8,1015.8
646,2020-09-04,14.4,0.0,259.3,14.2,33.3,1020.7
647,2020-09-05,12.9,0.0,281.4,13.2,31.5,1021.1
648,2020-09-06,12.9,0.0,261.4,9.3,24.1,1020.9
649,2020-09-07,14.0,0.0,252.4,12.0,31.5,1023.1
650,2020-09-08,17.6,0.0,253.9,14.4,29.6,1024.4
651,2020-09-09,16.8,0.0,287.3,13.2,27.8,1023.3
652,2020-09-10,13.2,0.0,332.3,8.4,20.4,1023.4
653,2020-09-11,13.6,0.0,225.5,11.0,33.3,1017.2
654,2020-09-12,14.7,0.0,241.6,13.0,29.6,1019.2
655,2020-09-13,16.8,0.0,218.1,13.2,31.5,1023.3
656,2020-09-14,18.8,0.0,125.8,8.8,24.1,1021.9
657,2020-09-15,21.0,0.0,11.1,9.7,25.9,1018.3
658,2020-09-16,19.4,0.0,22.4,13.9,31.5,1023.2
659,2020-09-17,15.2,0.0,51.4,16.4,33.3,1028.5
660,2020-09-18,14.8,0.0,52.2,17.7,37.0,1023.1
661,2020-09-19,16.7,0.0,46.6,19.6,38.9,1017.6
662,2020-09-20,17.1,0.0,36.5,16.7,33.3,1018.4
663,2020-09-21,16.1,0.0,352.9,8.5,22.2,1017.7
664,2020-09-22,17.4,0.0,227.6,11.6,37.0,1010.0
665,2020-09-23,15.0,8.2,221.9,15.1,31.5,1000.9
666,2020-09-24,10.8,3.3,216.3,15.4,38.9,996.7
667,2020-09-25,9.3,2.7,314.9,25.9,64.8,1000.9
668,2020-09-26,8.4,1.3,317.0,26.9,51.8,1010.5
669,2020-09-27,10.8,0.1,329.4,26.2,48.2,1011.6
670,2020-09-28,12.0,0.1,299.5,13.7,29.6,1013.4
671,2020-09-29,13.8,1.0,270.3,8.9,24.1,1015.1
672,2020-09-30,13.3,8.7,188.6,14.5,37.0,1008.3
673,2020-10-01,11.5,2.4,238.2,11.8,29.6,998.0
674,2020-10-02,11.4,31.7,68.5,19.8,40.8,988.7
675,2020-10-03,12.5,32.2,129.8,14.1,38.9,986.2
676,2020-10-04,9.6,25.3,223.8,19.8,42.6,982.0
677,2020-10-05,11.3,0.9,260.3,17.4,37.0,994.2
678,2020-10-06,12.0,2.5,253.1,20.4,46.3,998.0
679,2020-10-07,11.5,1.7,259.3,17.4,40.8,1012.0
680,2020-10-08,13.7,7.4,254.4,18.9,46.3,1011.5
681,2020-10-09,8.6,1.4,259.2,10.8,35.2,1018.7
682,2020-10-10,7.9,1.3,277.7,16.0,40.8,1022.0
683,2020-10-11,8.7,0.0,318.5,13.5,33.3,1024.8
684,2020-10-12,8.3,3.7,224.1,7.9,22.2,1020.0
685,2020-10-13,7.7,3.3,337.0,13.5,29.6,1010.6
686,2020-10-14,9.3,1.1,28.1,16.6,35.2,1020.1
687,2020-10-15,8.3,0.0,6.7,15.5,37.0,1024.5
688,2020-10-16,8.2,0.0,14.7,9.9,24.1,1024.9
689,2020-10-17,8.9,0.0,351.6,7.9,18.5,1022.8
690,2020-10-18,8.7,0.0,290.6,6.1,16.7,1023.9
691,2020-10-19,10.2,0.0,159.0,12.5,33.3,1016.2
692,2020-10-20,13.7,2.1,176.4,17.1,37.0,1002.2
693,2020-10-21,13.6,20.9,186.9,14.4,35.2,997.2
694,2020-10-22,12.4,0.0,228.7,16.6,37.0,1008.0
695,2020-10-23,11.3,0.0,218.7,12.7,33.3,1008.7
696,2020-10-24,11.6,8.7,200.2,21.1,51.8,1003.1
697,2020-10-25,9.9,1.8,214.3,17.0,37.0,996.3
698,2020-10-26,8.5,0.0,232.6,14.4,37.0,997.4
699,2020-10-27,8.7,5.5,212.7,16.1,35.2,998.3
700,2020-10-28,8.8,1.1,233.7,19.8,44.5,1002.7
701,2020-10-29,10.5,7.3,229.3,20.1,40.8,1011.9
702,2020-10-30,14.3,0.6,224.1,22.3,46.3,1016.2
703,2020-10-31,12.2,4.5,204.7,20.1,48.2,1012.1
704,2020-11-01,13.7,4.5,209.6,26.5,61.1,1003.6
705,2020-11-02,13.1,3.8,238.0,31.4,66.7,1005.4
706,2020-11-03,6.7,2.3,241.8,17.1,46.3,1019.0
707,2020-11-04,4.7,0.0,290.3,6.6,20.4,1033.3
708,2020-11-05,4.9,0.0,267.3,4.8,14.8,1038.4
709,2020-11-06,6.6,0.0,85.3,10.7,29.6,1029.7
710,2020-11-07,9.7,0.0,100.6,9.3,20.4,1020.4
711,2020-11-08,11.7,1.4,131.4,7.4,18.5,1018.6
712,2020-11-09,12.4,1.5,140.0,9.1,22.2,1019.6
713,2020-11-10,11.0,1.6,183.8,8.3,20.4,1023.3
714,2020-11-11,10.4,1.1,172.1,15.0,37.0,1018.3
715,2020-11-12,10.0,3.3,219.8,16.6,40.8,1013.2
716,2020-11-13,10.1,1.3,207.0,12.7,29.6,1012.1
717,2020-11-14,11.6,9.4,180.6,20.1,42.6,1007.3
718,2020-11-15,10.7,20.3,213.4,23.4,46.3,996.7
719,2020-11-16,9.6,0.9,244.0,21.6,38.9,1012.1
720,2020-11-17,12.0,0.0,222.8,19.9,38.9,1020.2
721,2020-11-18,11.1,0.5,210.5,20.5,40.8,1016.4
722,2020-11-19,6.2,1.4,287.3,19.3,46.3,1025.8
723,2020-11-20,5.4,0.5,216.8,12.1,29.6,1032.8
724,2020-11-21,10.1,0.0,232.6,19.3,40.8,1026.7
725,2020-11-22,8.3,0.4,266.7,9.0,27.8,1026.4
726,2020-11-23,5.8,0.0,206.2,8.1,22.2,1026.8
727,2020-11-24,9.0,0.0,186.4,14.4,29.6,1017.2
728,2020-11-25,8.9,1.2,213.0,11.1,24.1,1012.9
729,2020-11-26,4.5,0.0,15.2,7.2,16.7,1021.1
730,2020-11-27,3.5,0.0,45.2,10.0,20.4,1019.2
731,2020-11-28,7.5,0.0,79.4,10.4,22.2,1018.4
732,2020-11-29,6.0,0.0,25.3,7.3,18.5,1026.2
733,2020-11-30,6.6,0.6,264.0,14.8,35.2,1024.1
734,2020-12-01,4.0,0.0,327.3,15.7,31.5,1025.4
735,2020-12-02,3.3,0.5,270.1,8.6,20.4,1018.2
736,2020-12-03,4.2,11.0,192.4,10.3,27.8,990.3
737,2020-12-04,3.4,4.0,260.3,17.3,35.2,977.3
738,2020-12-05,3.5,0.0,106.6,13.8,27.8,991.5
739,2020-12-06,2.0,0.0,13.5,11.0,25.9,1001.8
740,2020-12-07,1.1,0.7,25.1,6.5,16.7,999.3
741,2020-12-08,1.2,0.1,270.9,6.1,18.5,1003.6
742,2020-12-09,3.7,3.6,231.1,11.2,25.9,1006.0
743,2020-12-10,5.8,1.2,137.3,14.7,27.8,999.4
744,2020-12-11,7.6,6.9,211.1,9.6,27.8,987.3
745,2020-12-12,5.9,1.1,286.7,13.3,33.3,999.1
746,2020-12-13,5.7,8.0,180.1,16.1,37.0,1002.5
747,2020-12-14,9.6,5.1,201.5,18.3,37.0,999.2
748,2020-12-15,7.7,0.1,191.7,12.7,27.8,1005.8
749,2020-12-16,7.9,3.5,167.6,16.8,37.0,1007.4
750,2020-12-17,7.5,0.0,209.5,14.4,33.3,1013.9
751,2020-12-18,10.3,0.6,187.2,23.6,42.6,1010.8
752,2020-12-19,9.2,4.9,194.1,20.2,38.9,1005.4
753,2020-12-20,7.1,0.0,215.4,16.3,37.0,1012.5
754,2020-12-21,10.2,12.1,198.4,20.5,42.6,1007.1
755,2020-12-22,9.9,5.5,232.2,13.2,46.3,1010.9
756,2020-12-23,9.5,19.2,188.3,10.8,29.6,1005.2
757,2020-12-24,3.8,3.3,339.1,24.4,42.6,1020.4
758,2020-12-25,0.8,0.0,305.3,15.1,38.9,1030.5
759,2020-12-26,5.7,0.0,232.6,23.2,64.8,1016.2
760,2020-12-27,5.6,10.4,234.4,23.4,70.4,977.5
761,2020-12-28,1.5,0.0,68.3,9.1,25.9,974.4
762,2020-12-29,1.2,0.2,310.3,11.4,24.1,989.8
763,2020-12-30,1.1,0.0,287.2,9.3,22.2,1002.5
764,2020-12-31,-0.8,0.0,322.2,8.5,22.2,1005.6
765,2021-01-01,-0.4,0.5,304.7,9.2,20.4,1011.8
766,2021-01-02,1.2,0.1,338.2,11.2,24.1,1016.2
767,2021-01-03,1.2,0.3,17.7,13.7,29.6,1017.7
768,2021-01-04,1.8,2.6,24.3,20.4,38.9,1019.8
769,2021-01-05,1.1,2.4,13.6,19.2,35.2,1020.4
770,2021-01-06,1.4,2.2,8.1,13.6,29.6,1019.9
771,2021-01-07,-1.3,0.0,305.2,10.1,22.2,1018.7
772,2021-01-08,-0.9,0.0,327.7,6.8,18.5,1018.8
773,2021-01-09,-0.6,0.0,349.9,7.2,18.5,1026.3
774,2021-01-10,0.2,0.0,260.1,9.1,20.4,1026.1
775,2021-01-11,4.1,0.7,248.1,20.1,40.8,1018.0
776,2021-01-12,5.5,5.0,304.3,15.7,44.5,1014.0
777,2021-01-13,3.8,4.1,260.8,8.8,20.4,1018.7
778,2021-01-14,4.2,20.5,86.1,13.9,33.3,1017.0
779,2021-01-15,0.5,0.0,18.2,8.3,24.1,1029.8
780,2021-01-16,3.6,6.7,218.2,16.4,35.2,1020.1
781,2021-01-17,3.7,0.0,290.1,15.6,33.3,1023.4
782,2021-01-18,4.1,2.7,230.2,14.4,35.2,1021.1
783,2021-01-19,9.5,6.4,229.6,28.2,48.2,1003.9
784,2021-01-20,9.5,10.0,202.9,30.2,53.7,988.0
785,2021-01-21,5.3,1.3,239.0,24.0,55.5,984.6
786,2021-01-22,2.5,1.3,238.8,10.2,24.1,992.1
787,2021-01-23,0.6,0.0,278.3,10.0,25.9,995.5
788,2021-01-24,-1.0,7.7,75.1,11.7,31.5,996.9
789,2021-01-25,-0.3,0.0,299.7,15.1,31.5,1009.5
790,2021-01-26,1.4,4.6,205.8,12.5,29.6,1015.5
791,2021-01-27,7.1,3.0,243.0,10.0,24.1,1011.0
792,2021-01-28,10.1,8.9,235.1,18.9,46.3,1002.0
793,2021-01-29,8.6,8.2,264.4,20.8,42.6,998.1
794,2021-01-30,4.1,12.4,84.4,19.6,42.6,997.6
795,2021-01-31,1.6,1.7,72.6,15.7,35.2,998.7
796,2021-02-01,2.9,0.8,21.2,10.9,25.9,996.9
797,2021-02-02,8.4,6.9,202.9,17.2,35.2,995.2
798,2021-02-03,7.3,4.0,240.6,13.7,33.3,996.8
799,2021-02-04,5.7,5.6,166.8,11.1,24.1,1008.7
800,2021-02-05,6.5,0.2,185.1,8.9,20.4,1008.4
801,2021-02-06,4.3,8.9,44.6,10.9,33.3,1006.8
802,2021-02-07,-0.0,5.0,16.3,26.2,48.2,1004.5
803,2021-02-08,-2.3,1.9,28.1,21.2,38.9,1003.9
804,2021-02-09,-2.9,0.1,46.3,14.3,29.6,1007.3
805,2021-02-10,-3.2,0.0,28.8,12.9,25.9,1015.9
806,2021-02-11,-3.8,0.0,89.8,11.6,27.8,1027.1
807,2021-02-12,-3.3,0.0,89.8,16.9,35.2,1030.5
808,2021-02-13,-3.7,0.0,122.7,17.4,35.2,1032.8
809,2021-02-14,0.5,2.6,154.8,20.4,37.0,1025.7
810,2021-02-15,7.6,3.1,198.9,15.3,31.5,1018.2
811,2021-02-16,8.3,3.1,209.6,18.1,35.2,1010.4
812,2021-02-17,8.6,3.5,203.5,21.4,38.9,1009.8
813,2021-02-18,7.4,2.7,212.0,20.2,40.8,1004.0
814,2021-02-19,7.5,0.8,183.4,19.4,38.9,1008.1
815,2021-02-20,11.1,0.0,177.8,21.8,42.6,1003.3
816,2021-02-21,10.7,0.5,164.0,12.0,29.6,1008.2
817,2021-02-22,8.9,1.0,192.7,9.6,24.1,1014.7
818,2021-02-23,9.1,0.0,186.5,19.9,44.5,1023.0
819,2021-02-24,11.6,0.0,195.7,20.7,38.9,1022.5
820,2021-02-25,8.8,0.3,265.1,11.0,29.6,1026.6
821,2021-02-26,5.2,0.0,296.0,7.3,20.4,1037.2
822,2021-02-27,5.9,0.0,15.2,7.3,18.5,1041.0
823,2021-02-28,5.3,0.0,59.8,11.6,25.9,1037.4
824,2021-03-01,5.4,0.0,66.8,13.9,27.8,1032.1
825,2021-03-02,5.4,0.0,54.7,10.2,22.2,1029.8
826,2021-03-03,6.1,1.4,95.3,7.5,16.7,1027.4
827,2021-03-04,4.5,3.2,19.6,13.0,25.9,1025.1
828,2021-03-05,2.5,0.0,32.7,13.7,29.6,1031.7
829,2021-03-06,1.8,0.0,48.2,9.0,22.2,1034.0
830,2021-03-07,1.5,0.0,0.1,7.4,18.5,1027.9
831,2021-03-08,3.4,0.0,263.3,7.7,20.4,1023.9
832,2021-03-09,5.7,0.0,259.3,11.8,27.8,1020.2
833,2021-03-10,7.1,9.7,205.0,27.2,59.3,1007.6
834,2021-03-11,8.4,2.0,247.8,37.0,66.7,995.9
835,2021-03-12,6.4,3.1,240.4,27.9,57.4,1001.8
836,2021-03-13,6.0,5.8,258.4,31.9,63.0,995.4
837,2021-03-14,6.2,0.8,280.4,24.2,44.5,1012.4
838,2021-03-15,7.9,0.0,313.1,17.4,37.0,1020.3
839,2021-03-16,8.3,1.0,310.2,16.0,37.0,1027.4
840,2021-03-17,6.0,0.0,343.2,14.1,27.8,1033.0
841,2021-03-18,5.6,2.9,346.3,15.5,31.5,1028.8
842,2021-03-19,6.3,0.4,29.3,15.8,31.5,1028.1
843,2021-03-20,5.5,0.0,332.9,8.9,22.2,1031.4
844,2021-03-21,7.2,0.0,6.3,13.1,29.6,1028.6
845,2021-03-22,7.0,0.0,254.9,8.2,22.2,1026.6
846,2021-03-23,6.7,0.0,216.7,12.5,31.5,1024.0
847,2021-03-24,7.3,0.0,219.8,12.1,29.6,1020.8
848,2021-03-25,7.5,0.0,221.9,15.6,37.0,1018.2
849,2021-03-26,7.8,3.0,218.8,21.9,44.5,1010.9
850,2021-03-27,6.4,0.0,248.9,22.4,42.6,1020.0
851,2021-03-28,10.6,0.0,,,,
852,2021-03-29,11.4,0.0,218.9,19.7,38.9,1026.4
853,2021-03-30,12.4,0.0,160.2,9.3,22.2,1027.7
854,2021-03-31,14.4,0.0,172.5,8.7,22.2,1020.9
855,2021-04-01,10.0,0.0,46.7,16.8,33.3,1024.3
856,2021-04-02,5.6,0.0,33.8,18.8,35.2,1029.8
857,2021-04-03,5.4,0.0,21.2,17.8,33.3,1032.0
858,2021-04-04,6.8,0.0,295.8,11.1,27.8,1025.9
859,2021-04-05,4.9,0.0,318.6,20.7,42.6,1018.0
860,2021-04-06,1.6,0.0,314.2,16.4,40.8,1020.8
861,2021-04-07,2.0,0.0,293.4,13.4,31.5,1023.8
862,2021-04-08,5.1,0.0,231.2,14.6,35.2,1021.8
863,2021-04-09,6.9,0.6,257.4,12.0,27.8,1013.8
864,2021-04-10,4.5,1.7,38.3,14.6,33.3,1013.5
865,2021-04-11,3.1,0.2,349.1,14.4,29.6,1019.2
866,2021-04-12,3.2,0.0,289.4,8.3,22.2,1028.5
867,2021-04-13,4.8,0.0,245.4,7.2,22.2,1032.7
868,2021-04-14,5.5,0.0,53.3,9.0,27.8,1032.9
869,2021-04-15,3.9,0.8,28.5,12.6,31.5,1033.5
870,2021-04-16,4.6,0.0,42.3,9.3,22.2,1031.6
871,2021-04-17,5.8,0.0,43.3,9.5,24.1,1029.6
872,2021-04-18,6.9,0.0,36.9,6.9,20.4,1025.7
873,2021-04-19,8.8,0.0,99.2,6.9,20.4,1021.8
874,2021-04-20,9.7,0.0,92.1,6.5,18.5,1018.3
875,2021-04-21,8.8,0.0,59.0,13.2,33.3,1020.9
876,2021-04-22,6.6,0.0,75.2,13.1,27.8,1027.2
877,2021-04-23,7.9,0.0,93.7,13.9,33.3,1028.9
878,2021-04-24,8.9,0.0,80.4,15.1,33.3,1027.9
879,2021-04-25,6.9,0.0,60.1,18.3,37.0,1028.7
880,2021-04-26,6.4,0.0,60.5,14.7,29.6,1022.0
881,2021-04-27,7.8,0.0,111.9,6.8,18.5,1011.1
882,2021-04-28,7.4,5.0,43.2,15.7,33.3,1006.4
883,2021-04-29,6.4,0.3,355.5,14.6,29.6,1011.3
884,2021-04-30,6.2,0.5,359.3,7.8,20.4,1015.2
885,2021-05-01,6.4,0.6,5.5,8.6,24.1,1016.5
886,2021-05-02,7.2,0.2,291.5,7.5,24.1,1020.3
887,2021-05-03,7.8,5.5,219.8,23.4,59.3,1013.2
888,2021-05-04,9.3,1.2,270.0,32.5,61.1,999.4
889,2021-05-05,6.7,1.7,278.9,14.2,29.6,1008.3
890,2021-05-06,6.2,0.7,265.9,9.7,27.8,1007.2
891,2021-05-07,7.7,0.0,262.3,13.7,29.6,1015.1
892,2021-05-08,10.6,12.2,181.1,19.9,46.3,1006.3
893,2021-05-09,14.8,1.7,193.1,17.7,37.0,997.7
894,2021-05-10,12.5,0.3,207.6,18.5,48.2,1000.2
895,2021-05-11,10.8,1.2,177.6,12.5,33.3,1007.3
896,2021-05-12,11.3,0.0,188.4,13.4,27.8,1008.7
897,2021-05-13,10.4,4.5,88.3,12.0,27.8,1006.3
898,2021-05-14,9.5,0.2,29.0,11.9,25.9,1008.9
899,2021-05-15,9.5,5.2,184.5,9.8,22.2,1001.4
900,2021-05-16,10.1,5.7,216.7,12.0,29.6,998.3
901,2021-05-17,10.7,8.3,294.9,12.5,27.8,1004.6
902,2021-05-18,10.1,2.1,255.0,12.1,29.6,1013.0
903,2021-05-19,10.4,2.9,287.3,12.5,31.5,1017.4
904,2021-05-20,9.7,1.1,207.0,19.8,55.5,1013.8
905,2021-05-21,10.6,4.6,231.5,36.7,68.5,997.0
906,2021-05-22,10.2,5.0,278.2,16.7,38.9,1002.4
907,2021-05-23,9.0,4.9,216.1,19.1,42.6,1008.5
908,2021-05-24,9.4,9.0,224.5,15.1,33.3,1003.1
909,2021-05-25,9.7,0.3,274.1,18.6,42.6,1013.1
910,2021-05-26,9.8,0.0,297.2,13.5,31.5,1014.6
911,2021-05-27,12.5,0.0,277.5,8.4,20.4,1020.2
912,2021-05-28,13.6,0.0,132.7,8.1,20.4,1023.4
913,2021-05-29,13.8,0.0,74.1,10.6,25.9,1026.8
914,2021-05-30,12.6,0.0,63.3,12.1,27.8,1027.8
915,2021-05-31,15.1,0.0,82.5,12.4,31.5,1021.9
916,2021-06-01,17.3,0.0,87.3,14.3,35.2,1015.8
917,2021-06-02,18.2,0.0,98.4,13.0,29.6,1013.1
918,2021-06-03,18.5,0.0,239.8,11.4,27.8,1018.1
919,2021-06-04,14.0,4.5,344.4,12.1,25.9,1022.6
920,2021-06-05,15.6,0.0,304.7,9.8,24.1,1024.3
921,2021-06-06,15.9,0.0,239.0,8.3,20.4,1024.6
922,2021-06-07,17.2,0.0,201.8,9.0,24.1,1023.9
923,2021-06-08,17.0,0.0,248.4,9.0,24.1,1023.4
924,2021-06-09,17.5,0.0,235.3,12.5,31.5,1021.8
925,2021-06-10,18.0,0.0,238.3,13.8,31.5,1020.6
926,2021-06-11,18.5,0.0,246.0,16.1,35.2,1019.5
927,2021-06-12,17.4,0.0,311.0,11.9,25.9,1022.9
928,2021-06-13,19.2,0.0,235.0,8.4,24.1,1026.1
929,2021-06-14,20.5,0.0,269.9,11.7,27.8,1020.8
930,2021-06-15,17.9,0.0,66.9,12.1,27.8,1020.7
931,2021-06-16,20.2,3.7,177.4,10.8,27.8,1012.4
932,2021-06-17,19.0,15.5,6.7,10.1,25.9,1009.8
933,2021-06-18,14.7,24.1,13.5,19.0,37.0,1012.6
934,2021-06-19,13.7,4.4,39.6,11.1,27.8,1014.1
935,2021-06-20,14.5,4.5,53.9,11.6,27.8,1008.8
936,2021-06-21,11.4,10.1,33.9,19.3,37.0,1012.4
937,2021-06-22,11.6,5.1,19.3,19.4,37.0,1020.2
938,2021-06-23,13.0,0.0,14.5,9.7,24.1,1023.7
939,2021-06-24,15.0,0.1,264.0,8.8,24.1,1021.8
940,2021-06-25,15.0,9.5,240.4,11.0,22.2,1016.1
941,2021-06-26,15.6,0.0,84.2,10.1,25.9,1017.5
942,2021-06-27,16.2,6.4,50.8,16.6,31.5,1015.6
943,2021-06-28,16.6,8.1,36.0,11.7,25.9,1014.3
944,2021-06-29,14.6,1.8,13.0,14.8,29.6,1015.2
945,2021-06-30,13.7,0.0,331.7,11.4,24.1,1017.2
946,2021-07-01,15.2,0.0,317.3,8.6,22.2,1018.0
947,2021-07-02,17.6,0.0,187.3,8.1,22.2,1016.2
948,2021-07-03,17.4,2.7,182.9,12.5,31.5,1012.0
949,2021-07-04,16.0,7.4,202.9,12.9,27.8,1008.1
950,2021-07-05,15.7,4.3,211.6,14.5,31.5,1005.4
951,2021-07-06,15.2,9.8,213.8,20.2,48.2,999.8
952,2021-07-07,15.6,2.2,210.5,17.1,35.2,1010.8
953,2021-07-08,16.4,0.0,223.9,10.7,24.1,1019.0
954,2021-07-09,17.0,0.0,234.3,9.7,24.1,1020.9
955,2021-07-10,14.9,4.5,207.6,7.0,16.7,1016.7
956,2021-07-11,15.8,1.1,196.3,9.0,24.1,1015.2
957,2021-07-12,16.0,17.5,59.0,8.6,18.5,1011.2
958,2021-07-13,17.2,0.0,351.6,14.3,31.5,1014.2
959,2021-07-14,17.7,0.0,328.2,15.9,35.2,1017.9
960,2021-07-15,17.5,0.0,345.3,17.0,37.0,1022.0
961,2021-07-16,17.5,0.0,2.6,14.0,33.3,1026.7
962,2021-07-17,19.9,0.0,29.4,11.8,24.1,1028.2
963,2021-07-18,22.5,0.0,308.3,7.8,24.1,1025.0
964,2021-07-19,22.4,0.0,182.9,8.4,24.1,1021.5
965,2021-07-20,22.0,0.0,148.6,8.2,24.1,1020.2
966,2021-07-21,22.0,0.0,85.8,8.6,24.1,1022.5
967,2021-07-22,21.1,0.0,94.4,9.4,27.8,1023.1
968,2021-07-23,18.2,0.0,78.5,14.5,37.0,1017.6
969,2021-07-24,17.7,2.0,72.8,14.6,31.5,1008.9
970,2021-07-25,17.4,10.6,22.0,11.9,25.9,1007.7
971,2021-07-26,18.7,1.0,292.2,9.7,24.1,1009.8
972,2021-07-27,17.2,3.5,215.9,11.7,25.9,1008.6
973,2021-07-28,16.0,3.5,239.5,19.5,44.5,1007.0
974,2021-07-29,15.7,0.0,245.4,19.8,42.6,1009.6
975,2021-07-30,15.6,6.8,214.5,21.8,53.7,1003.5
976,2021-07-31,15.6,3.9,268.2,14.4,29.6,1008.7
977,2021-08-01,15.3,4.0,310.4,9.6,22.2,1011.0
978,2021-08-02,14.8,1.5,86.7,8.1,20.4,1014.8
979,2021-08-03,15.2,0.0,130.3,8.7,24.1,1013.5
980,2021-08-04,15.8,0.0,119.0,7.6,22.2,1013.2
981,2021-08-05,16.0,4.0,181.1,14.4,37.0,1005.5
982,2021-08-06,16.8,5.7,225.2,20.1,48.2,998.2
983,2021-08-07,15.1,8.0,213.7,16.4,35.2,997.8
984,2021-08-08,15.2,4.1,237.3,21.3,44.5,1004.7
985,2021-08-09,15.1,8.8,225.0,14.8,35.2,1011.4
986,2021-08-10,16.7,0.0,243.9,12.4,27.8,1015.1
987,2021-08-11,16.8,0.0,231.8,12.8,29.6,1018.1
988,2021-08-12,17.9,0.0,219.4,14.2,33.3,1018.3
989,2021-08-13,16.6,0.0,237.9,16.2,38.9,1020.6
990,2021-08-14,17.5,0.0,231.4,14.3,31.5,1020.0
991,2021-08-15,17.4,0.0,239.1,15.9,38.9,1013.6
992,2021-08-16,14.8,0.0,300.3,17.5,38.9,1016.2
993,2021-08-17,14.2,1.1,272.9,14.8,35.2,1019.6
994,2021-08-18,16.7,0.0,277.5,15.5,33.3,1017.2
995,2021-08-19,15.9,1.2,253.8,13.3,27.8,1014.3
996,2021-08-20,17.3,0.0,240.5,10.5,24.1,1015.8
997,2021-08-21,16.6,5.1,176.5,9.3,22.2,1015.7
998,2021-08-22,16.9,4.9,306.3,13.9,33.3,1018.4
999,2021-08-23,16.1,0.0,13.2,14.4,31.5,1027.5
1000,2021-08-24,15.6,0.0,37.2,15.4,33.3,1029.7
1001,2021-08-25,15.7,0.0,21.5,13.6,27.8,1026.1
1002,2021-08-26,15.0,0.0,354.3,17.1,35.2,1022.4
1003,2021-08-27,14.1,0.0,1.1,13.6,27.8,1023.4
1004,2021-08-28,14.3,0.0,7.0,15.4,35.2,1026.0
1005,2021-08-29,14.1,0.0,2.7,13.1,31.5,1025.5
1006,2021-08-30,14.5,0.0,11.2,17.8,35.2,1025.8
1007,2021-08-31,14.7,0.0,17.8,16.6,33.3,1029.1
1008,2021-09-01,14.3,0.0,21.0,14.7,29.6,1030.9
1009,2021-09-02,15.0,0.0,33.2,15.5,31.5,1028.0
1010,2021-09-03,15.6,0.0,55.3,11.8,25.9,1022.2
1011,2021-09-04,15.5,0.0,60.1,11.9,24.1,1019.1
1012,2021-09-05,17.5,0.0,80.0,10.7,22.2,1020.8
1013,2021-09-06,19.5,0.0,114.8,7.3,18.5,1023.2
1014,2021-09-07,21.4,0.0,123.3,9.8,27.8,1021.3
1015,2021-09-08,20.9,0.0,100.2,12.3,33.3,1013.4
1016,2021-09-09,18.5,0.8,201.7,12.0,29.6,1008.7
1017,2021-09-10,17.9,4.5,213.1,12.9,31.5,1010.1
1018,2021-09-11,17.2,0.0,254.8,14.6,33.3,1016.0
1019,2021-09-12,15.4,0.0,318.6,8.1,18.5,1018.8
1020,2021-09-13,15.5,0.0,86.1,11.2,27.8,1017.9
1021,2021-09-14,16.0,10.4,90.6,10.1,24.1,1011.8
1022,2021-09-15,15.7,0.0,327.3,11.0,25.9,1014.2
1023,2021-09-16,15.9,0.0,242.5,8.9,24.1,1017.4
1024,2021-09-17,15.9,0.0,196.3,10.7,27.8,1014.8
1025,2021-09-18,17.1,0.0,128.5,7.9,24.1,1014.2
1026,2021-09-19,15.4,4.0,343.5,7.2,20.4,1014.4
1027,2021-09-20,14.4,0.6,343.7,13.9,31.5,1022.2
1028,2021-09-21,14.6,0.0,303.0,6.5,18.5,1030.1
1029,2021-09-22,15.1,0.0,236.8,10.1,29.6,1027.7
1030,2021-09-23,15.3,0.0,257.3,14.4,37.0,1020.5
1031,2021-09-24,16.3,0.0,247.8,13.4,33.3,1016.3
1032,2021-09-25,17.0,0.0,213.4,8.4,18.5,1014.4
1033,2021-09-26,16.7,0.0,194.7,11.5,31.5,1011.8
1034,2021-09-27,15.2,7.4,219.6,20.7,51.8,1010.5
1035,2021-09-28,12.3,10.3,198.3,15.2,35.2,1016.4
1036,2021-09-29,10.7,4.3,278.5,19.1,48.2,1018.5
1037,2021-09-30,11.5,0.9,215.0,19.2,48.2,1020.7
1038,2021-10-01,14.0,4.8,233.9,19.3,44.5,1010.2
1039,2021-10-02,11.2,17.6,185.2,15.8,42.6,999.9
1040,2021-10-03,11.8,2.0,232.8,17.5,48.2,997.4
1041,2021-10-04,12.1,0.3,204.8,16.9,38.9,1008.2
1042,2021-10-05,12.2,11.7,246.0,25.1,57.4,1002.0
1043,2021-10-06,11.4,0.0,279.2,22.1,48.2,1017.6
1044,2021-10-07,14.5,0.0,214.1,9.0,24.1,1025.8
1045,2021-10-08,15.0,0.0,168.4,5.8,14.8,1029.6
1046,2021-10-09,12.6,0.0,45.4,5.7,16.7,1028.7
1047,2021-10-10,12.6,0.0,335.8,9.3,25.9,1029.3
1048,2021-10-11,10.2,0.0,315.3,10.1,24.1,1030.5
1049,2021-10-12,10.2,0.0,314.2,11.6,29.6,1026.1
1050,2021-10-13,10.7,0.0,276.4,7.2,22.2,1027.7
1051,2021-10-14,11.5,0.0,243.0,12.6,35.2,1024.1
1052,2021-10-15,11.1,0.0,346.2,9.8,25.9,1020.5
1053,2021-10-16,10.7,0.0,167.7,7.1,20.4,1020.7
1054,2021-10-17,11.9,0.4,183.9,10.4,25.9,1017.5
1055,2021-10-18,13.0,2.9,181.1,12.6,31.5,1016.4
1056,2021-10-19,17.2,1.0,215.0,21.5,51.8,1012.1
1057,2021-10-20,14.9,20.0,225.6,21.0,48.2,1000.1
1058,2021-10-21,8.7,8.5,299.8,19.9,46.3,1006.5
1059,2021-10-22,7.8,0.0,267.9,14.4,40.8,1020.7
1060,2021-10-23,8.1,0.0,209.6,9.3,25.9,1024.9
1061,2021-10-24,10.9,0.0,183.5,13.1,33.3,1018.4
1062,2021-10-25,11.1,0.0,223.7,11.9,31.5,1015.2
1063,2021-10-26,11.5,0.0,223.6,14.7,38.9,1017.9
1064,2021-10-27,14.0,0.0,215.0,20.8,48.2,1018.0
1065,2021-10-28,12.9,0.0,186.5,17.9,37.0,1009.4
1066,2021-10-29,12.5,4.8,192.2,19.9,46.3,999.0
1067,2021-10-30,10.7,2.9,195.0,13.7,33.3,997.4
1068,2021-10-31,10.4,10.2,192.3,21.2,51.8,994.1
1069,2021-11-01,9.2,0.0,230.7,18.1,42.6,994.4
1070,2021-11-02,6.0,0.0,267.1,6.5,16.7,999.0
1071,2021-11-03,5.3,0.0,330.6,11.0,27.8,1004.4
1072,2021-11-04,5.6,0.0,330.2,19.7,42.6,1014.5
1073,2021-11-05,4.9,0.0,271.3,10.0,22.2,1026.1
1074,2021-11-06,9.2,0.0,239.4,18.5,44.5,1024.9
1075,2021-11-07,8.5,0.0,285.1,16.9,42.6,1021.3
1076,2021-11-08,7.5,0.0,235.7,9.3,20.4,1023.7
1077,2021-11-09,11.4,0.0,217.4,11.4,27.8,1023.3
1078,2021-11-10,11.2,0.0,222.2,8.7,20.4,1023.0
1079,2021-11-11,10.4,0.0,206.1,8.6,20.4,1022.8
1080,2021-11-12,10.9,1.4,212.4,18.3,37.0,1012.1
1081,2021-11-13,10.2,0.0,305.7,15.5,31.5,1015.4
1082,2021-11-14,9.2,0.0,9.0,12.1,25.9,1024.0
1083,2021-11-15,7.8,0.0,6.5,6.1,16.7,1027.2
1084,2021-11-16,7.1,0.0,243.5,7.0,18.5,1023.0
1085,2021-11-17,7.3,0.0,268.2,10.4,24.1,1023.9
1086,2021-11-18,8.8,0.0,246.7,12.7,27.8,1028.9
1087,2021-11-19,10.3,0.0,243.4,9.9,22.2,1030.5
1088,2021-11-20,8.9,0.0,244.7,8.4,20.4,1024.2
1089,2021-11-21,4.9,0.0,340.9,18.1,40.8,1019.6
1090,2021-11-22,4.3,0.0,6.9,15.4,31.5,1029.8
1091,2021-11-23,3.7,0.0,356.0,7.7,20.4,1032.0
