date,pm10_mean,pm25_mean,pm10_max,pm25_max,pm10_min,pm25_min
2019-10-01,13.954545454545455,8.552238805970148,19.0,10.0,9.0,8.0
2019-10-02,9.08695652173913,7.957446808510637,11.0,10.0,8.0,6.0
2019-10-03,13.565217391304348,12.021276595744679,16.0,14.0,9.0,7.0
2019-10-04,16.59375,10.875,21.0,14.0,14.0,10.0
2019-10-05,16.25,12.875,18.0,13.0,15.0,11.0
2019-10-06,12.5,11.666666666666664,13.0,13.0,12.0,10.0
2019-10-07,11.022222222222224,7.602941176470589,15.0,12.0,8.0,3.0
2019-10-08,15.681818181818182,9.382352941176473,24.0,10.0,10.0,8.0
2019-10-09,16.23913043478261,8.271428571428572,24.0,10.0,9.0,6.0
2019-10-10,14.085106382978726,7.323943661971831,21.0,9.0,8.0,6.0
2019-10-11,14.347826086956523,8.18840579710145,21.0,10.0,9.0,6.0
2019-10-12,10.914893617021274,6.746478873239437,15.0,8.0,8.0,6.0
2019-10-13,11.043478260869565,8.53448275862069,14.0,11.0,8.0,7.0
2019-10-14,12.0,7.709677419354839,16.0,11.0,9.0,6.0
2019-10-15,14.446808510638302,9.084507042253524,18.0,11.0,10.0,7.0
2019-10-16,13.41304347826087,7.7,18.0,10.0,10.0,6.0
2019-10-17,17.063829787234038,10.126760563380284,24.0,13.0,11.0,8.0
2019-10-18,12.4,7.382352941176472,19.0,10.0,8.0,6.0
2019-10-19,13.978723404255321,7.633802816901407,17.0,9.0,10.0,6.0
2019-10-20,15.744680851063832,11.098591549295774,20.0,13.0,10.0,7.0
2019-10-21,10.04255319148936,7.253521126760563,14.0,12.0,8.0,3.0
2019-10-22,13.934782608695652,9.271428571428572,21.0,13.0,10.0,4.0
2019-10-23,25.347826086956523,17.62857142857143,36.0,23.0,15.0,13.0
2019-10-24,33.48888888888889,24.01492537313433,38.0,27.0,27.0,20.0
2019-10-25,20.022222222222226,13.164179104477613,33.0,24.0,12.0,7.0
2019-10-26,15.272727272727273,8.106060606060606,19.0,10.0,12.0,6.0
2019-10-27,10.979166666666664,7.513888888888888,15.0,10.0,9.0,5.0
2019-10-28,16.659574468085108,14.676056338028172,20.0,25.0,12.0,8.0
2019-10-29,13.76595744680851,9.0,17.0,24.0,11.0,4.0
2019-10-30,16.42222222222222,9.941176470588236,21.0,14.0,12.0,5.0
2019-10-31,30.448979591836732,21.418918918918923,38.0,30.0,21.0,13.0
2019-11-01,30.70212765957447,24.40845070422535,39.0,32.0,18.0,14.0
2019-11-02,13.468085106382981,8.19718309859155,19.0,14.0,11.0,6.0
2019-11-03,16.085106382978722,9.028169014084508,21.0,11.0,12.0,7.0
2019-11-04,15.319148936170215,9.47887323943662,20.0,11.0,12.0,8.0
2019-11-05,18.21276595744681,12.929577464788732,21.0,16.0,14.0,10.0
2019-11-06,21.127659574468087,15.197183098591552,30.0,20.0,13.0,8.0
2019-11-07,18.97872340425532,12.845070422535212,30.0,20.0,10.0,7.0
2019-11-08,19.319148936170205,12.690140845070422,27.0,16.0,10.0,7.0
2019-11-09,18.872340425531913,13.845070422535212,22.0,16.0,16.0,12.0
2019-11-10,14.577777777777778,11.028985507246377,21.0,14.0,11.0,7.0
2019-11-11,17.063829787234038,12.816901408450706,20.0,15.0,12.0,9.0
2019-11-12,14.152173913043477,7.9855072463768115,19.0,10.0,9.0,7.0
2019-11-13,13.085106382978726,8.084507042253524,18.0,9.0,9.0,7.0
2019-11-14,12.021276595744679,8.647887323943662,17.0,25.0,8.0,6.0
2019-11-15,14.692307692307693,11.61904761904762,18.0,15.0,10.0,6.0
2019-11-16,17.075,13.6,20.0,18.0,14.0,9.0
2019-11-17,24.78723404255319,21.859154929577464,29.0,27.0,20.0,16.0
2019-11-18,19.21276595744681,16.619718309859156,29.0,27.0,11.0,6.0
2019-11-19,20.893617021276604,14.985915492957744,33.0,22.0,12.0,6.0
2019-11-20,24.53191489361702,17.549295774647888,33.0,23.0,16.0,13.0
2019-11-21,27.042553191489358,19.366197183098592,38.0,28.0,16.0,12.0
2019-11-22,24.54347826086957,19.536231884057973,38.0,29.0,13.0,10.0
2019-11-23,16.975,12.34375,20.0,17.0,13.0,9.0
2019-11-24,25.21875,19.892857142857142,27.0,23.0,21.0,15.0
2019-11-25,16.27659574468085,12.056338028169014,24.0,19.0,12.0,8.0
2019-11-26,12.404255319148936,7.619718309859155,16.0,9.0,9.0,6.0
2019-11-27,13.212765957446807,8.154929577464786,16.0,9.0,10.0,7.0
2019-11-28,14.581395348837207,11.1044776119403,17.0,12.0,10.0,8.0
2019-11-29,13.342857142857143,9.152542372881355,16.0,12.0,12.0,5.0
2019-11-30,22.959183673469386,17.33783783783784,27.0,23.0,16.0,9.0
2019-12-01,16.74468085106383,13.028169014084508,26.0,22.0,10.0,7.0
2019-12-02,16.72340425531915,13.084507042253524,28.0,19.0,10.0,6.0
2019-12-03,29.127659574468087,21.450704225352112,36.0,26.0,21.0,16.0
2019-12-04,28.893617021276604,20.408450704225352,40.0,28.0,20.0,16.0
2019-12-05,36.95744680851064,30.169014084507047,44.0,34.0,28.0,21.0
2019-12-06,21.319148936170205,12.746478873239436,41.0,28.0,7.0,6.0
2019-12-07,12.108695652173912,7.7391304347826075,16.0,9.0,8.0,6.0
2019-12-08,13.0,7.253521126760563,16.0,9.0,10.0,5.0
2019-12-09,11.170212765957446,6.549295774647888,14.0,8.0,8.0,4.0
2019-12-10,16.52173913043478,10.289855072463768,21.0,12.0,11.0,6.0
2019-12-11,13.361702127659573,8.056338028169014,18.0,10.0,11.0,7.0
2019-12-12,17.47826086956522,11.071428571428573,27.0,17.0,10.0,6.0
2019-12-13,11.638297872340427,7.76056338028169,22.0,15.0,8.0,5.0
2019-12-14,14.127659574468085,9.04225352112676,17.0,11.0,12.0,7.0
2019-12-15,13.787234042553193,8.394366197183098,17.0,11.0,11.0,6.0
2019-12-16,11.829787234042554,7.71830985915493,14.0,10.0,10.0,5.0
2019-12-17,13.08695652173913,10.63768115942029,15.0,14.0,11.0,8.0
2019-12-18,15.934782608695652,13.357142857142858,20.0,15.0,12.0,11.0
2019-12-19,16.45,10.603174603174603,18.0,13.0,14.0,8.0
2019-12-20,12.73913043478261,9.014285714285714,17.0,13.0,8.0,6.0
2019-12-21,9.555555555555557,7.351851851851853,12.0,9.0,7.0,6.0
2019-12-22,11.45,7.9833333333333325,13.0,9.0,9.0,6.0
2019-12-23,11.808510638297873,8.126760563380282,16.0,10.0,9.0,7.0
2019-12-24,15.531914893617019,9.704225352112676,18.0,12.0,13.0,8.0
2019-12-25,9.95744680851064,7.408450704225353,14.0,10.0,7.0,4.0
2019-12-26,14.27659574468085,11.140845070422538,16.0,13.0,11.0,8.0
2019-12-27,12.702127659574465,9.943661971830986,16.0,16.0,11.0,6.0
2019-12-28,21.425531914893615,18.183098591549296,24.0,22.0,17.0,13.0
2019-12-29,19.127659574468087,16.746478873239436,22.0,20.0,17.0,14.0
2019-12-30,23.285714285714285,20.216216216216214,27.0,23.0,20.0,17.0
2019-12-31,28.085106382978722,23.859154929577464,30.0,27.0,25.0,20.0
2020-01-01,36.29787234042553,32.11267605633803,41.0,39.0,28.0,21.0
2020-01-02,24.74468085106383,22.80281690140845,40.0,38.0,12.0,10.0
2020-01-03,11.106382978723405,7.492957746478872,15.0,12.0,9.0,4.0
2020-01-04,12.468085106382981,8.32394366197183,14.0,10.0,11.0,5.0
2020-01-05,11.702127659574465,8.929577464788732,15.0,10.0,7.0,6.0
2020-01-06,10.276595744680849,7.267605633802817,15.0,10.0,7.0,5.0
2020-01-07,18.574468085106385,10.267605633802816,22.0,13.0,13.0,8.0
2020-01-08,14.914893617021274,8.605633802816902,22.0,13.0,11.0,6.0
2020-01-09,17.70212765957447,11.098591549295774,23.0,14.0,10.0,7.0
2020-01-10,11.48936170212766,8.394366197183098,14.0,10.0,9.0,7.0
2020-01-11,12.680851063829785,8.183098591549296,15.0,10.0,11.0,6.0
2020-01-12,11.361702127659573,6.140845070422535,15.0,9.0,7.0,4.0
2020-01-13,11.136363636363637,5.970588235294117,15.0,8.0,7.0,5.0
2020-01-14,12.583333333333336,5.270833333333333,14.0,6.0,12.0,4.0
2020-01-15,10.25,4.833333333333333,12.0,6.0,8.0,4.0
2020-01-16,15.375,7.3125,17.0,9.0,13.0,6.0
2020-01-17,13.791666666666664,7.479166666666668,16.0,9.0,12.0,6.0
2020-01-18,12.357142857142858,7.9393939393939394,15.0,11.0,8.0,6.0
2020-01-19,15.787234042553193,10.873239436619716,17.0,14.0,15.0,8.0
2020-01-20,28.0,20.87323943661972,42.0,30.0,17.0,11.0
2020-01-21,40.61702127659574,31.661971830985923,45.0,35.0,33.0,27.0
2020-01-22,36.37142857142858,29.844827586206893,42.0,33.0,29.0,24.0
2020-01-23,24.25,21.783783783783782,28.0,30.0,20.0,16.0
2020-01-24,18.63636363636364,18.454545454545453,20.0,20.0,17.0,17.0
2020-01-25,25.47727272727273,21.545454545454547,32.0,24.0,18.0,19.0
2020-01-26,28.46808510638298,22.4468085106383,33.0,27.0,23.0,16.0
2020-01-27,14.975,10.6,22.0,18.0,10.0,7.0
2020-01-28,7.782608695652174,6.478260869565218,10.0,8.0,7.0,6.0
2020-01-29,11.0,8.365853658536585,14.0,10.0,8.0,6.0
2020-01-30,13.347826086956523,8.680851063829786,15.0,10.0,11.0,6.0
2020-01-31,8.189189189189191,5.5423728813559325,12.0,8.0,5.0,4.0
2020-02-01,9.057142857142855,5.898305084745762,12.0,9.0,5.0,4.0
2020-02-02,15.5,8.583333333333334,19.0,11.0,13.0,6.0
2020-02-03,19.91489361702128,10.56338028169014,25.0,13.0,15.0,8.0
2020-02-04,13.51063829787234,6.943661971830987,21.0,10.0,9.0,3.0
2020-02-05,20.19148936170213,11.971830985915492,31.0,18.0,12.0,4.0
2020-02-06,30.574468085106385,19.366197183098592,37.0,23.0,24.0,16.0
2020-02-07,34.34042553191489,25.084507042253517,40.0,30.0,29.0,20.0
2020-02-08,25.680851063829788,16.887323943661972,36.0,28.0,16.0,9.0
2020-02-09,14.191489361702127,7.338028169014086,22.0,11.0,8.0,4.0
2020-02-10,11.702127659574465,7.211267605633802,16.0,10.0,8.0,4.0
2020-02-11,12.957446808510639,6.929577464788733,18.0,9.0,9.0,5.0
2020-02-12,11.552631578947368,6.557142857142857,18.0,9.0,8.0,5.0
2020-02-13,10.096774193548388,7.057971014492754,14.0,8.0,8.0,6.0
2020-02-14,13.595744680851064,8.830985915492956,22.0,12.0,8.0,6.0
2020-02-15,15.404255319148936,8.746478873239436,23.0,12.0,7.0,3.0
2020-02-16,5.7659574468085095,5.132075471698113,8.0,7.0,4.0,3.0
2020-02-17,11.382978723404255,6.434782608695652,18.0,10.0,5.0,3.0
2020-02-18,13.780487804878051,7.846153846153847,18.0,10.0,10.0,5.0
2020-02-19,14.75,7.125,17.0,9.0,13.0,5.0
2020-02-20,13.791666666666664,6.770833333333332,17.0,10.0,10.0,3.0
2020-02-21,14.857142857142858,6.220338983050849,21.0,9.0,11.0,4.0
2020-02-22,19.63888888888889,8.15,23.0,10.0,17.0,6.0
2020-02-23,13.361702127659573,6.408450704225353,20.0,10.0,7.0,3.0
2020-02-24,6.595744680851063,3.380281690140845,9.0,6.0,5.0,1.0
2020-02-25,9.595744680851064,4.464788732394366,14.0,7.0,6.0,3.0
2020-02-26,10.531914893617019,5.084507042253522,14.0,8.0,8.0,3.0
2020-02-27,11.76595744680851,6.140845070422535,15.0,11.0,9.0,4.0
2020-02-28,12.6734693877551,7.45945945945946,16.0,12.0,10.0,5.0
2020-02-29,16.340425531914892,8.154929577464786,20.0,12.0,11.0,5.0
2020-03-01,14.382978723404255,6.422535211267606,20.0,11.0,11.0,4.0
2020-03-02,9.468085106382981,5.028169014084507,14.0,7.0,7.0,4.0
2020-03-03,12.744680851063832,6.197183098591549,19.0,9.0,8.0,4.0
2020-03-04,18.64444444444445,9.46376811594203,22.0,12.0,14.0,6.0
2020-03-05,13.232558139534886,9.477611940298509,18.0,14.0,11.0,7.0
2020-03-06,14.711111111111109,8.898550724637682,20.0,14.0,13.0,6.0
2020-03-07,23.914893617021278,15.140845070422534,29.0,18.0,15.0,8.0
2020-03-08,17.255813953488367,8.567164179104477,25.0,15.0,10.0,5.0
2020-03-09,12.318181818181818,5.8088235294117645,17.0,8.0,8.0,4.0
2020-03-10,8.404255319148936,4.647887323943662,16.0,8.0,3.0,2.0
2020-03-11,7.74468085106383,3.95774647887324,11.0,6.0,3.0,2.0
2020-03-12,12.063829787234043,5.028169014084507,16.0,8.0,8.0,3.0
2020-03-13,15.76595744680851,6.478873239436621,18.0,8.0,14.0,5.0
2020-03-14,13.787234042553193,5.971830985915493,17.0,7.0,9.0,4.0
2020-03-15,10.531914893617019,4.704225352112676,13.0,5.0,8.0,4.0
2020-03-16,10.574468085106382,6.323943661971831,15.0,9.0,7.0,4.0
2020-03-17,15.212765957446807,7.225352112676057,17.0,9.0,13.0,6.0
2020-03-18,14.978723404255321,6.690140845070423,17.0,9.0,14.0,5.0
2020-03-19,13.23913043478261,7.8,15.0,13.0,11.0,5.0
2020-03-20,13.553191489361698,8.169014084507044,17.0,13.0,10.0,2.0
2020-03-21,12.022222222222224,5.550724637681159,15.0,9.0,10.0,2.0
2020-03-22,15.567567567567568,8.660714285714286,17.0,11.0,13.0,5.0
2020-03-23,19.0,10.853658536585368,22.0,13.0,16.0,8.0
2020-03-24,20.347826086956523,13.028985507246375,23.0,16.0,18.0,11.0
2020-03-25,25.869565217391305,18.594202898550726,31.0,22.0,18.0,12.0
2020-03-26,30.97826086956522,24.02857142857143,36.0,28.0,28.0,20.0
2020-03-27,36.5531914893617,27.943661971830984,40.0,30.0,33.0,26.0
2020-03-28,30.272727272727273,21.701492537313428,38.0,29.0,23.0,13.0
2020-03-29,17.375,7.4444444444444455,25.0,15.0,12.0,3.0
2020-03-30,11.941176470588234,4.901960784313727,16.0,7.0,9.0,3.0
2020-03-31,11.826086956521738,5.333333333333333,15.0,8.0,9.0,3.0
2020-04-01,14.190476190476188,8.833333333333334,17.0,11.0,12.0,6.0
2020-04-02,11.58695652173913,7.782608695652174,13.0,11.0,10.0,6.0
2020-04-03,11.021739130434783,6.014285714285713,13.0,8.0,9.0,5.0
2020-04-04,15.51063829787234,11.408450704225352,17.0,15.0,13.0,7.0
2020-04-05,14.514285714285714,11.18867924528302,16.0,14.0,13.0,9.0
2020-04-06,12.212765957446807,7.915492957746478,15.0,12.0,11.0,6.0
2020-04-07,14.975609756097562,8.646153846153847,20.0,13.0,12.0,6.0
2020-04-08,34.127659574468076,23.676056338028175,47.0,35.0,20.0,11.0
2020-04-09,58.631578947368425,47.82258064516129,69.0,58.0,41.0,30.0
2020-04-10,43.6595744680851,33.183098591549296,60.0,48.0,37.0,27.0
2020-04-11,37.872340425531924,27.84507042253521,43.0,34.0,32.0,22.0
2020-04-12,27.8,21.420289855072465,32.0,25.0,24.0,19.0
2020-04-13,19.27659574468085,12.704225352112674,27.0,21.0,14.0,6.0
2020-04-14,14.617021276595745,7.197183098591549,19.0,11.0,12.0,4.0
2020-04-15,18.106382978723406,10.408450704225352,25.0,17.0,12.0,6.0
2020-04-16,37.53658536585366,28.246153846153845,49.0,39.0,26.0,16.0
2020-04-17,35.04255319148936,23.5531914893617,50.0,36.0,20.0,9.0
2020-04-18,18.234042553191486,9.063492063492065,22.0,13.0,16.0,6.0
2020-04-19,23.489361702127663,13.744680851063832,27.0,17.0,19.0,10.0
2020-04-20,18.777777777777782,8.466666666666667,24.0,12.0,16.0,7.0
2020-04-21,24.68292682926829,9.963636363636363,29.0,12.0,20.0,8.0
2020-04-22,29.47727272727273,12.477611940298507,35.0,16.0,24.0,10.0
2020-04-23,28.785714285714285,16.73015873015873,34.0,21.0,25.0,12.0
2020-04-24,33.375,22.11111111111111,36.0,25.0,30.0,18.0
2020-04-25,17.833333333333332,12.777777777777779,19.0,15.0,17.0,11.0
2020-04-26,17.205882352941178,12.450980392156866,18.0,16.0,16.0,10.0
2020-04-27,19.384615384615387,13.733333333333333,24.0,19.0,16.0,10.0
2020-04-28,18.166666666666668,12.634920634920634,25.0,19.0,8.0,4.0
2020-04-29,8.689655172413794,6.25,13.0,8.0,7.0,4.0
2020-04-30,12.744186046511626,6.0769230769230775,14.0,9.0,11.0,3.0
2020-05-01,10.488888888888887,4.522388059701494,11.0,7.0,9.0,3.0
2020-05-02,9.119047619047619,5.109375,12.0,7.0,8.0,3.0
2020-05-03,9.333333333333334,6.888888888888888,12.0,10.0,8.0,3.0
2020-05-04,13.945945945945946,9.321428571428571,16.0,13.0,12.0,6.0
2020-05-05,14.5,8.5,17.0,12.0,13.0,5.0
2020-05-06,14.902439024390244,8.015625,18.0,13.0,13.0,4.0
2020-05-07,23.32142857142857,15.954545454545455,26.0,18.0,17.0,8.0
2020-05-08,19.866666666666667,15.411764705882351,24.0,18.0,17.0,13.0
2020-05-09,29.318181818181817,24.902439024390244,33.0,29.0,18.0,16.0
2020-05-10,26.025,22.131147540983605,33.0,29.0,20.0,14.0
2020-05-11,15.878048780487804,9.241935483870966,24.0,19.0,10.0,2.0
2020-05-12,12.75,5.9,17.0,9.0,10.0,2.0
2020-05-13,10.636363636363637,7.0588235294117645,12.0,9.0,9.0,3.0
2020-05-14,9.318181818181818,5.685714285714287,12.0,8.0,7.0,2.0
2020-05-15,11.52,7.794871794871796,14.0,11.0,9.0,4.0
2020-05-16,10.933333333333335,9.0,13.0,12.0,9.0,5.0
2020-05-17,11.86842105263158,9.083333333333334,14.0,12.0,9.0,5.0
2020-05-18,11.971428571428573,7.75,13.0,10.0,11.0,6.0
2020-05-19,12.128205128205128,6.965517241379311,14.0,9.0,11.0,5.0
2020-05-20,12.771428571428574,8.226415094339622,14.0,10.0,11.0,5.0
2020-05-21,14.625,9.14,16.0,12.0,12.0,7.0
2020-05-22,16.243243243243242,9.125,22.0,12.0,14.0,6.0
2020-05-23,23.3,11.016666666666667,28.0,16.0,18.0,5.0
2020-05-24,16.195121951219512,10.161290322580646,20.0,15.0,13.0,4.0
2020-05-25,14.24390243902439,9.59322033898305,16.0,12.0,13.0,5.0
2020-05-26,14.972972972972975,10.754385964912279,16.0,13.0,13.0,7.0
2020-05-27,14.64516129032258,9.553191489361698,18.0,12.0,12.0,6.0
2020-05-28,14.391304347826088,8.454545454545455,18.0,12.0,11.0,4.0
2020-05-29,15.166666666666664,7.127272727272728,18.0,10.0,12.0,5.0
2020-05-30,15.5,7.75,17.0,9.0,14.0,6.0
2020-05-31,17.236842105263158,9.43859649122807,21.0,12.0,13.0,6.0
2020-06-01,13.029411764705882,7.019230769230768,18.0,10.0,10.0,4.0
2020-06-02,14.5,8.342105263157897,17.0,11.0,12.0,6.0
2020-06-03,17.233333333333334,10.681818181818182,20.0,15.0,12.0,7.0
2020-06-04,12.074074074074074,7.375,20.0,14.0,8.0,3.0
2020-06-05,8.4,4.674418604651163,11.0,7.0,8.0,3.0
2020-06-06,8.227272727272727,4.848484848484849,9.0,7.0,8.0,2.0
2020-06-07,8.75,6.388888888888888,10.0,8.0,8.0,4.0
2020-06-08,8.714285714285714,5.9523809523809526,14.0,9.0,7.0,3.0
2020-06-09,13.153846153846152,6.965517241379311,17.0,9.0,9.0,4.0
2020-06-10,16.085714285714285,10.370370370370368,18.0,13.0,11.0,6.0
2020-06-11,14.666666666666664,11.261904761904766,17.0,14.0,13.0,9.0
2020-06-12,17.24137931034483,14.547619047619047,20.0,22.0,14.0,10.0
2020-06-13,16.533333333333335,13.4,22.0,22.0,11.0,6.0
2020-06-14,15.4,11.388888888888891,17.0,15.0,12.0,7.0
2020-06-15,11.375,7.114285714285713,14.0,13.0,9.0,4.0
2020-06-16,11.411764705882351,7.517241379310344,12.0,11.0,10.0,5.0
2020-06-17,11.733333333333333,7.244897959183674,13.0,10.0,11.0,5.0
2020-06-18,9.25925925925926,7.057692307692308,13.0,11.0,5.0,4.0
2020-06-19,9.411764705882351,6.5625,11.0,10.0,6.0,4.0
2020-06-20,9.419354838709678,6.224489795918367,10.0,9.0,8.0,5.0
2020-06-21,8.575757575757576,4.816326530612245,10.0,8.0,7.0,3.0
2020-06-22,12.428571428571427,7.125,16.0,11.0,9.0,4.0
2020-06-23,15.027777777777779,8.714285714285714,16.0,13.0,14.0,6.0
2020-06-24,19.16216216216216,11.821428571428573,26.0,17.0,15.0,8.0
2020-06-25,24.69230769230769,16.025641025641026,28.0,19.0,22.0,13.0
2020-06-26,23.35294117647059,15.698113207547168,27.0,19.0,20.0,13.0
2020-06-27,14.487179487179489,9.216666666666667,22.0,16.0,10.0,4.0
2020-06-28,10.585365853658537,5.290322580645161,13.0,8.0,8.0,3.0
2020-06-29,10.813953488372093,5.078125,13.0,8.0,9.0,3.0
2020-06-30,12.138888888888891,5.185185185185184,14.0,8.0,11.0,3.0
2020-07-01,9.15,4.754098360655738,11.0,7.0,8.0,3.0
2020-07-02,8.285714285714286,5.377358490566038,9.0,7.0,8.0,4.0
2020-07-03,10.210526315789474,6.344827586206898,12.0,8.0,8.0,5.0
2020-07-04,9.3,5.311111111111111,13.0,7.0,7.0,3.0
2020-07-05,8.38888888888889,5.254545454545455,12.0,7.0,7.0,4.0
2020-07-06,12.8,6.644444444444446,17.0,9.0,9.0,4.0
2020-07-07,10.96,6.789473684210527,13.0,9.0,9.0,5.0
2020-07-08,10.146341463414632,6.483870967741934,13.0,8.0,7.0,5.0
2020-07-09,8.54054054054054,5.6607142857142865,11.0,7.0,7.0,4.0
2020-07-10,7.52,5.416666666666668,11.0,7.0,6.0,4.0
2020-07-11,8.294117647058824,5.758620689655173,10.0,7.0,7.0,4.0
2020-07-12,11.75,9.145454545454543,14.0,11.0,7.0,4.0
2020-07-13,10.725,7.655737704918032,13.0,11.0,10.0,6.0
2020-07-14,9.37837837837838,6.661016949152543,11.0,8.0,8.0,5.0
2020-07-15,8.727272727272727,7.490909090909091,10.0,9.0,7.0,4.0
2020-07-16,7.3809523809523805,5.9375,10.0,8.0,6.0,3.0
2020-07-17,9.973684210526317,7.948275862068965,15.0,10.0,6.0,3.0
2020-07-18,11.702127659574465,8.32394366197183,15.0,10.0,8.0,5.0
2020-07-19,7.085106382978723,6.211267605633802,10.0,10.0,5.0,4.0
2020-07-20,9.1875,6.684210526315789,12.0,9.0,7.0,3.0
2020-07-21,9.80952380952381,6.2857142857142865,13.0,10.0,7.0,3.0
2020-07-22,8.346153846153848,4.653846153846153,13.0,8.0,2.0,2.0
2020-07-23,8.36111111111111,5.5555555555555545,13.0,8.0,1.0,1.0
2020-07-24,10.583333333333334,7.073170731707318,12.0,8.0,9.0,6.0
2020-07-25,8.208333333333334,6.229166666666668,9.0,7.0,7.0,5.0
2020-07-26,7.625,5.875,8.0,7.0,7.0,5.0
2020-07-27,9.48,6.28,10.0,8.0,9.0,5.0
2020-07-28,8.578947368421053,6.162162162162162,9.0,8.0,7.0,4.0
2020-07-29,5.947368421052633,4.965517241379311,11.0,8.0,1.0,1.0
2020-07-30,8.444444444444445,6.965517241379311,13.0,9.0,1.0,2.0
2020-07-31,14.25,9.0,15.0,10.0,13.0,8.0
2020-08-01,11.0,8.333333333333334,11.0,9.0,11.0,7.0
2020-08-02,9.0,7.0,10.0,9.0,8.0,5.0
2020-08-03,6.5555555555555545,5.5625,8.0,7.0,6.0,4.0
2020-08-04,8.0,6.9,11.0,9.0,6.0,5.0
2020-08-05,11.555555555555555,5.7142857142857135,15.0,9.0,9.0,4.0
2020-08-06,9.377777777777778,5.0,14.0,7.0,8.0,3.0
2020-08-07,15.956521739130435,10.08695652173913,25.0,17.0,9.0,4.0
2020-08-08,27.063829787234038,17.422535211267604,36.0,22.0,19.0,12.0
2020-08-09,24.914893617021278,16.380281690140844,36.0,20.0,18.0,13.0
2020-08-10,27.4,17.91176470588235,36.0,20.0,21.0,15.0
2020-08-11,37.744680851063826,28.253521126760567,46.0,34.0,24.0,16.0
2020-08-12,43.57692307692307,34.58974358974359,52.0,39.0,33.0,26.0
2020-08-13,37.63829787234041,30.549295774647888,52.0,40.0,27.0,22.0
2020-08-14,17.872340425531913,14.732394366197186,31.0,26.0,12.0,10.0
2020-08-15,14.69767441860465,12.046153846153846,18.0,15.0,12.0,7.0
2020-08-16,23.04545454545455,19.318181818181817,28.0,27.0,17.0,12.0
2020-08-17,13.822222222222226,10.303030303030305,23.0,21.0,10.0,5.0
2020-08-18,8.948717948717949,7.03921568627451,12.0,9.0,7.0,5.0
2020-08-19,8.0,7.208333333333332,8.0,8.0,8.0,6.0
2020-08-20,13.82051282051282,7.238095238095237,22.0,11.0,8.0,3.0
2020-08-21,17.0,8.134328358208956,24.0,11.0,12.0,6.0
2020-08-22,18.954545454545453,7.933333333333334,23.0,10.0,15.0,6.0
2020-08-23,12.7,6.9393939393939394,15.0,8.0,10.0,5.0
2020-08-24,11.521739130434785,7.791666666666668,13.0,8.0,11.0,7.0
2020-08-25,8.625,6.909090909090909,12.0,7.0,5.0,6.0
2020-08-27,,6.295454545454546,,9.0,,4.0
2020-08-28,9.823529411764708,5.914893617021277,11.0,9.0,8.0,3.0
2020-08-29,7.6944444444444455,4.6440677966101696,11.0,7.0,5.0,2.0
2020-08-30,9.595744680851064,5.126760563380283,16.0,7.0,5.0,4.0
2020-08-31,9.170212765957444,4.845070422535211,16.0,8.0,5.0,3.0
2020-09-01,13.872340425531915,11.647058823529413,18.0,16.0,7.0,5.0
2020-09-02,14.553191489361698,9.903225806451612,17.0,14.0,12.0,6.0
2020-09-03,12.4,7.63768115942029,17.0,11.0,9.0,4.0
2020-09-04,10.893617021276595,6.323943661971831,15.0,8.0,9.0,4.0
2020-09-05,13.111111111111109,7.470588235294117,17.0,9.0,10.0,6.0
2020-09-06,11.611111111111109,8.0,14.0,9.0,10.0,6.0
2020-09-07,11.659574468085106,8.535211267605634,14.0,10.0,10.0,6.0
2020-09-08,10.043478260869565,6.3,13.0,9.0,8.0,3.0
2020-09-09,8.74468085106383,5.056338028169014,11.0,7.0,7.0,2.0
2020-09-10,10.978723404255321,7.28169014084507,16.0,10.0,7.0,4.0
2020-09-11,14.571428571428573,9.833333333333334,20.0,13.0,9.0,6.0
2020-09-12,10.851063829787234,7.76056338028169,17.0,12.0,8.0,6.0
2020-09-13,10.116279069767442,6.96969696969697,12.0,8.0,9.0,5.0
2020-09-14,10.708333333333334,8.059701492537313,15.0,14.0,9.0,4.0
2020-09-15,27.608695652173914,25.851063829787236,33.0,33.0,16.0,7.0
2020-09-16,26.66666666666667,26.09302325581395,32.0,32.0,21.0,20.0
2020-09-17,12.818181818181818,11.533333333333333,20.0,21.0,9.0,6.0
2020-09-18,8.541666666666666,6.9361702127659575,9.0,10.0,8.0,5.0
2020-09-19,9.833333333333334,8.872340425531915,10.0,11.0,9.0,6.0
2020-09-20,10.916666666666664,9.6875,12.0,13.0,10.0,7.0
2020-09-21,13.416666666666664,12.583333333333336,16.0,17.0,12.0,9.0
2020-09-22,20.857142857142858,19.477272727272727,22.0,21.0,17.0,15.0
2020-09-23,15.1,14.0,20.0,18.0,10.0,9.0
2020-09-24,7.333333333333332,6.041666666666668,10.0,10.0,6.0,4.0
2020-09-25,7.458333333333332,5.7659574468085095,8.0,7.0,7.0,4.0
2020-09-26,5.3478260869565215,4.574468085106383,7.0,6.0,5.0,3.0
2020-09-27,5.833333333333332,5.166666666666667,6.0,7.0,5.0,4.0
2020-09-28,7.521739130434782,6.565217391304348,10.0,9.0,6.0,4.0
2020-09-29,11.227272727272727,10.065217391304348,12.0,11.0,10.0,9.0
2020-09-30,11.0,10.229166666666666,12.0,11.0,10.0,8.0
2020-10-01,8.0,4.916666666666667,10.0,8.0,7.0,1.0
2020-10-02,8.674418604651162,5.212121212121212,11.0,6.0,6.0,3.0
2020-10-03,9.446808510638302,6.985915492957746,12.0,8.0,6.0,5.0
2020-10-04,5.826086956521738,4.385714285714286,10.0,8.0,4.0,2.0
2020-10-05,6.625,5.163265306122449,10.0,8.0,4.0,2.0
2020-10-06,8.241379310344827,4.8478260869565215,11.0,7.0,4.0,3.0
2020-10-07,9.545454545454543,5.066666666666666,11.0,7.0,8.0,3.0
2020-10-08,9.869565217391305,4.6382978723404245,11.0,6.0,8.0,4.0
2020-10-09,10.394736842105264,7.327586206896553,12.0,10.0,8.0,4.0
2020-10-10,9.531914893617019,6.774647887323943,12.0,10.0,8.0,5.0
2020-10-11,7.72972972972973,5.285714285714286,10.0,6.0,6.0,4.0
2020-10-12,9.904761904761905,7.9375,12.0,10.0,6.0,4.0
2020-10-13,9.212765957446807,6.661971830985914,11.0,10.0,7.0,5.0
2020-10-14,9.808510638297873,7.253521126760563,14.0,10.0,6.0,5.0
2020-10-15,8.775,5.4,14.0,8.0,5.0,4.0
2020-10-16,8.825,5.683333333333334,14.0,8.0,5.0,4.0
2020-10-17,9.829787234042556,6.704225352112676,14.0,9.0,6.0,5.0
2020-10-18,11.872340425531915,10.52112676056338,16.0,15.0,6.0,6.0
2020-10-19,16.682926829268293,13.753846153846155,19.0,17.0,14.0,10.0
2020-10-20,17.09090909090909,9.159090909090908,20.0,12.0,16.0,7.0
2020-10-21,17.434782608695652,9.23404255319149,22.0,12.0,12.0,5.0
2020-10-22,12.91304347826087,6.575757575757576,15.0,13.0,10.0,3.0
2020-10-23,15.0,8.82857142857143,16.0,15.0,14.0,4.0
2020-10-24,13.826086956521738,7.704225352112676,14.0,12.0,13.0,4.0
2020-10-25,9.28,4.746666666666667,12.0,9.0,8.0,2.0
2020-10-26,12.63157894736842,6.8474576271186445,15.0,12.0,10.0,4.0
2020-10-27,14.823529411764708,8.377358490566039,16.0,13.0,14.0,5.0
2020-10-28,17.652173913043477,7.816901408450704,20.0,12.0,15.0,5.0
2020-10-29,14.6875,7.48,16.0,11.0,14.0,5.0
2020-10-30,14.25,6.833333333333332,15.0,9.0,13.0,3.0
2020-10-31,12.916666666666664,6.404761904761906,13.0,10.0,12.0,3.0
2020-11-01,19.894736842105264,9.280701754385968,22.0,13.0,18.0,6.0
2020-11-02,14.130434782608695,6.550724637681159,18.0,12.0,12.0,3.0
2020-11-03,16.130434782608695,7.319148936170214,18.0,10.0,15.0,5.0
2020-11-04,17.0,9.777777777777779,21.0,16.0,14.0,6.0
2020-11-05,34.68181818181818,25.68888888888889,42.0,43.0,23.0,12.0
2020-11-06,66.56756756756756,59.04477611940298,75.0,72.0,55.0,41.0
2020-11-07,40.42857142857143,29.681818181818183,58.0,49.0,34.0,20.0
2020-11-08,47.15,38.0,49.0,41.0,42.0,33.0
2020-11-09,22.642857142857146,19.0,39.0,36.0,18.0,9.0
2020-11-10,16.47826086956522,11.267605633802814,18.0,14.0,15.0,7.0
2020-11-11,15.611111111111109,10.090909090909092,16.0,14.0,15.0,6.0
2020-11-12,14.666666666666664,8.0,17.0,11.0,13.0,5.0
2020-11-13,17.61904761904762,8.478260869565217,20.0,12.0,16.0,5.0
2020-11-14,16.142857142857142,9.339622641509434,17.0,12.0,15.0,5.0
2020-11-15,13.6,7.71875,16.0,11.0,12.0,4.0
2020-11-16,13.4375,6.5,15.0,10.0,11.0,3.0
2020-11-17,15.111111111111109,6.865384615384616,16.0,9.0,14.0,5.0
2020-11-18,17.35135135135135,8.289855072463768,19.0,12.0,14.0,5.0
2020-11-19,15.8,8.028985507246377,19.0,12.0,13.0,6.0
2020-11-20,15.767441860465114,9.671641791044776,20.0,14.0,13.0,6.0
2020-11-21,12.26315789473684,7.183333333333334,18.0,13.0,10.0,4.0
2020-11-22,11.181818181818182,6.428571428571429,13.0,9.0,10.0,4.0
2020-11-23,21.682926829268293,13.375,28.0,21.0,12.0,5.0
2020-11-24,17.863636363636363,10.666666666666666,26.0,19.0,13.0,5.0
2020-11-25,20.0,12.473684210526313,23.0,18.0,14.0,5.0
2020-11-26,18.69230769230769,12.55,22.0,17.0,15.0,10.0
2020-11-27,24.106382978723406,19.718309859154925,28.0,26.0,20.0,15.0
2020-11-28,37.95744680851064,31.788732394366196,45.0,39.0,27.0,22.0
2020-11-29,37.744680851063826,32.394366197183096,46.0,40.0,31.0,27.0
2020-11-30,26.319148936170212,24.12676056338028,31.0,30.0,16.0,14.0
2020-12-01,13.808510638297873,10.816901408450704,23.0,23.0,10.0,6.0
2020-12-02,19.487179487179485,11.745762711864407,30.0,20.0,12.0,6.0
2020-12-03,19.36,12.26315789473684,32.0,21.0,9.0,6.0
2020-12-04,11.617021276595745,9.19718309859155,15.0,12.0,9.0,6.0
2020-12-05,13.0,8.891891891891891,16.0,11.0,11.0,7.0
2020-12-06,15.808510638297873,11.788732394366198,18.0,16.0,13.0,8.0
2020-12-07,16.934782608695652,15.681159420289855,20.0,22.0,14.0,12.0
2020-12-08,24.13333333333333,21.28985507246377,31.0,25.0,19.0,15.0
2020-12-09,22.41304347826087,16.391304347826086,31.0,23.0,15.0,10.0
2020-12-10,19.893617021276604,12.056338028169014,23.0,15.0,15.0,9.0
2020-12-11,15.68,9.552631578947368,18.0,12.0,11.0,6.0
2020-12-13,10.0,7.0,11.0,8.0,9.0,5.0
2020-12-14,11.425531914893615,6.887323943661972,15.0,11.0,9.0,3.0
2020-12-15,13.340425531914894,7.704225352112676,16.0,11.0,11.0,6.0
2020-12-16,15.652173913043477,8.571428571428571,19.0,12.0,11.0,6.0
2020-12-17,12.744680851063832,7.788732394366198,18.0,11.0,9.0,5.0
2020-12-18,14.976744186046512,7.5,21.0,11.0,9.0,4.0
2020-12-19,11.5,7.75,12.0,9.0,10.0,6.0
2020-12-20,11.0,6.425531914893617,12.0,9.0,9.0,4.0
2020-12-21,9.0,5.571428571428571,9.0,7.0,9.0,4.0
2020-12-22,5.214285714285714,4.107142857142857,9.0,8.0,3.0,1.0
2020-12-23,10.0,8.048780487804878,12.0,11.0,6.0,3.0
2020-12-24,6.421052631578947,4.642857142857143,7.0,8.0,5.0,3.0
2020-12-25,7.319148936170214,4.617021276595745,9.0,7.0,6.0,4.0
2020-12-26,9.74468085106383,7.829787234042553,12.0,10.0,5.0,4.0
2020-12-27,5.25531914893617,2.8076923076923075,9.0,6.0,3.0,1.0
2020-12-28,11.48936170212766,7.565217391304348,14.0,10.0,8.0,5.0
2020-12-29,15.170212765957446,13.652173913043477,17.0,15.0,13.0,11.0
2020-12-30,15.870967741935484,13.135135135135135,21.0,15.0,14.0,11.0
2020-12-31,19.314285714285713,14.377358490566039,23.0,17.0,15.0,11.0
2021-01-01,22.423076923076927,20.475,25.0,24.0,18.0,16.0
2021-01-02,13.071428571428573,10.222222222222221,24.0,22.0,8.0,6.0
2021-01-03,8.666666666666666,8.873239436619716,10.0,10.0,8.0,7.0
2021-01-04,8.0,8.507246376811594,9.0,15.0,7.0,5.0
2021-01-05,6.466666666666668,6.136363636363638,7.0,15.0,6.0,4.0
2021-01-06,8.923076923076922,5.7560975609756095,11.0,7.0,7.0,5.0
2021-01-07,14.7,12.342105263157894,20.0,19.0,9.0,6.0
2021-01-08,24.722222222222218,22.9,28.0,26.0,20.0,17.0
2021-01-09,20.34042553191489,19.04225352112676,26.0,24.0,16.0,15.0
2021-01-10,21.59090909090909,20.78787878787879,24.0,23.0,18.0,18.0
2021-01-11,18.238095238095237,16.333333333333332,21.0,20.0,15.0,8.0
2021-01-12,9.2,6.387755102040817,16.0,13.0,2.0,1.0
2021-01-13,17.217391304347824,13.73913043478261,23.0,18.0,8.0,7.0
2021-01-14,13.45,15.133333333333333,22.0,34.0,7.0,8.0
2021-01-15,14.7,11.45,22.0,18.0,8.0,8.0
2021-01-16,18.08695652173913,14.191489361702127,22.0,19.0,10.0,7.0
2021-01-17,12.533333333333333,8.2,16.0,10.0,10.0,6.0
2021-01-18,17.866666666666667,8.482758620689655,24.0,10.0,13.0,6.0
2021-01-19,11.456521739130435,5.585365853658537,21.0,9.0,6.0,3.0
2021-01-20,8.355555555555558,4.0,11.0,6.0,6.0,3.0
2021-01-21,10.714285714285714,4.875,13.0,6.0,8.0,4.0
2021-01-22,14.38095238095238,7.166666666666668,17.0,8.0,13.0,7.0
2021-01-23,13.75,9.10909090909091,18.0,11.0,11.0,7.0
2021-01-24,14.978723404255321,11.647887323943662,17.0,15.0,13.0,9.0
2021-01-25,14.170212765957446,10.929577464788732,17.0,14.0,11.0,8.0
2021-01-26,15.135135135135135,10.85,18.0,14.0,12.0,9.0
2021-01-27,10.35,9.097560975609756,11.0,11.0,10.0,8.0
2021-01-28,9.173913043478262,8.148936170212767,11.0,11.0,8.0,6.0
2021-01-29,12.046511627906975,6.4179104477611935,15.0,8.0,8.0,5.0
2021-01-30,13.26086956521739,7.2,17.0,9.0,11.0,6.0
2021-01-31,13.170212765957446,8.211267605633802,16.0,11.0,10.0,6.0
2021-02-01,16.288888888888884,13.2,19.0,16.0,14.0,10.0
2021-02-02,17.535714285714285,13.5,20.0,17.0,15.0,11.0
2021-02-03,20.83333333333333,10.327586206896553,24.0,11.0,17.0,9.0
2021-02-04,17.680851063829788,8.338028169014084,22.0,10.0,14.0,7.0
2021-02-05,12.217391304347824,7.314285714285713,16.0,8.0,8.0,6.0
2021-02-06,12.638297872340427,8.859154929577462,16.0,11.0,9.0,7.0
2021-02-07,15.319148936170215,10.690140845070422,18.0,13.0,13.0,8.0
2021-02-08,10.659574468085106,6.816901408450704,15.0,9.0,9.0,6.0
2021-02-09,11.170212765957446,6.8181818181818175,13.0,8.0,9.0,6.0
2021-02-10,11.914893617021274,6.659574468085108,17.0,7.0,10.0,6.0
2021-02-11,18.893617021276604,10.148936170212766,30.0,14.0,12.0,6.0
2021-02-12,29.70212765957447,16.650793650793652,40.0,19.0,21.0,14.0
2021-02-13,23.82978723404255,14.197183098591552,31.0,17.0,20.0,13.0
2021-02-14,19.70212765957447,11.140845070422538,23.0,13.0,17.0,9.0
2021-02-15,20.0,12.126760563380284,25.0,14.0,14.0,10.0
2021-02-16,14.680851063829785,8.225352112676056,17.0,10.0,12.0,7.0
2021-02-17,16.130434782608695,7.289855072463768,19.0,9.0,14.0,6.0
2021-02-18,13.461538461538463,6.0317460317460325,16.0,7.0,12.0,5.0
2021-02-19,13.0,6.08,14.0,8.0,12.0,5.0
2021-02-21,27.108695652173914,13.246376811594205,35.0,15.0,24.0,12.0
2021-02-22,27.1875,16.28767123287671,34.0,21.0,23.0,12.0
2021-02-23,23.88636363636364,16.970149253731346,34.0,22.0,15.0,11.0
2021-02-24,15.466666666666667,7.2,19.0,11.0,13.0,5.0
2021-02-25,18.32608695652174,9.628571428571428,21.0,12.0,14.0,8.0
2021-02-26,18.57894736842105,9.833333333333334,25.0,12.0,14.0,8.0
2021-02-27,23.142857142857146,13.545454545454545,28.0,16.0,18.0,12.0
2021-03-01,25.18604651162791,20.49230769230769,33.0,29.0,20.0,16.0
2021-03-02,39.04255319148936,35.014084507042256,44.0,40.0,32.0,28.0
2021-03-03,49.46808510638298,44.56338028169015,55.0,51.0,45.0,39.0
2021-03-04,37.56521739130435,33.072463768115945,52.0,47.0,19.0,15.0
2021-03-05,13.617021276595745,6.971830985915493,20.0,15.0,11.0,4.0
2021-03-06,13.063829787234043,5.549295774647887,15.0,7.0,12.0,5.0
2021-03-07,14.48936170212766,9.492957746478874,18.0,15.0,13.0,7.0
2021-03-08,32.93617021276596,26.056338028169016,44.0,32.0,19.0,15.0
2021-03-09,35.333333333333336,24.47826086956522,45.0,31.0,25.0,17.0
2021-03-10,22.66666666666667,14.592592592592592,25.0,17.0,18.0,12.0
2021-03-11,16.580645161290324,8.914893617021276,19.0,13.0,14.0,6.0
2021-03-12,15.1025641025641,5.7457627118644075,20.0,7.0,11.0,5.0
2021-03-13,12.26086956521739,5.057971014492754,18.0,6.0,9.0,4.0
2021-03-14,10.021739130434783,4.768115942028985,12.0,6.0,8.0,3.0
2021-03-15,12.829787234042554,6.549295774647888,16.0,9.0,9.0,4.0
2021-03-16,16.0,8.6,17.0,10.0,14.0,7.0
2021-03-17,21.76923076923077,9.620689655172416,25.0,12.0,18.0,8.0
2021-03-18,20.91304347826087,10.014285714285714,23.0,13.0,19.0,8.0
2021-03-19,15.090909090909092,7.591549295774647,21.0,12.0,11.0,4.0
2021-03-20,12.531914893617019,7.084507042253522,15.0,11.0,11.0,4.0
2021-03-21,14.148936170212766,10.014084507042254,16.0,12.0,13.0,8.0
2021-03-22,19.977777777777774,12.73913043478261,25.0,16.0,13.0,8.0
2021-03-23,25.777777777777782,17.420289855072465,31.0,19.0,22.0,15.0
2021-03-24,30.527777777777782,19.509090909090904,40.0,22.0,23.0,16.0
2021-03-25,21.063829787234038,12.056338028169014,37.0,20.0,12.0,7.0
2021-03-26,15.042553191489361,7.154929577464789,18.0,8.0,12.0,6.0
2021-03-27,13.609756097560975,5.60655737704918,18.0,7.0,10.0,5.0
2021-03-28,18.428571428571427,7.404761904761906,23.0,9.0,13.0,6.0
2021-03-29,20.26829268292683,8.596774193548388,23.0,10.0,18.0,7.0
2021-03-30,24.488372093023248,13.227272727272727,29.0,16.0,19.0,9.0
2021-03-31,37.87179487179487,23.551724137931036,44.0,28.0,27.0,15.0
2021-04-01,36.642857142857146,24.095238095238088,39.0,26.0,32.0,21.0
2021-04-02,17.80851063829787,10.492957746478874,36.0,23.0,8.0,3.0
2021-04-03,15.153846153846152,7.297297297297297,21.0,10.0,8.0,3.0
2021-04-04,20.058823529411768,8.529411764705884,22.0,9.0,18.0,8.0
2021-04-05,21.75,12.0,27.0,14.0,15.0,7.0
2021-04-06,10.238095238095235,4.666666666666667,14.0,8.0,8.0,4.0
2021-04-07,9.947368421052632,5.607142857142856,11.0,8.0,9.0,4.0
2021-04-08,12.0,7.136363636363638,12.0,8.0,12.0,6.0
2021-04-09,14.888888888888891,7.866666666666666,19.0,10.0,12.0,7.0
2021-04-10,14.052631578947368,8.275862068965518,16.0,10.0,11.0,7.0
2021-04-11,12.586206896551724,7.136363636363638,16.0,9.0,10.0,5.0
2021-04-12,11.384615384615385,8.779661016949152,15.0,12.0,8.0,6.0
2021-04-13,20.232558139534884,12.738461538461538,29.0,18.0,12.0,9.0
2021-04-14,22.66666666666667,15.545454545454545,25.0,18.0,21.0,14.0
2021-04-15,14.422222222222222,8.426470588235292,21.0,14.0,11.0,5.0
2021-04-16,13.043478260869565,7.6,16.0,10.0,11.0,5.0
2021-04-17,15.473684210526313,9.192982456140351,17.0,12.0,14.0,7.0
2021-04-18,13.488372093023255,8.636363636363637,16.0,11.0,12.0,6.0
2021-04-19,23.466666666666665,14.537313432835822,32.0,22.0,14.0,8.0
2021-04-20,35.28888888888889,24.19117647058824,41.0,34.0,32.0,19.0
2021-04-21,52.27272727272727,41.8125,60.0,49.0,40.0,30.0
2021-04-22,29.82926829268293,16.06451612903226,52.0,41.0,22.0,8.0
2021-04-23,23.318181818181817,9.666666666666666,25.0,13.0,22.0,8.0
2021-04-24,23.16666666666667,11.222222222222221,24.0,14.0,22.0,9.0
2021-04-27,23.875,12.458333333333336,27.0,15.0,21.0,11.0
2021-04-28,31.90909090909091,19.863636363636363,35.0,23.0,26.0,14.0
2021-04-29,18.71764705882353,11.694915254237287,55.0,20.0,9.0,0.0
2021-04-30,20.337988826815646,8.828703703703702,43.0,13.0,6.8,2.0
2021-05-01,23.263551401869158,13.602985074626865,42.0,23.0,9.0,6.0
2021-05-02,21.779430379746827,14.680113636363627,58.0,27.0,9.9,3.0
2021-05-03,22.74333333333334,9.36917808219178,74.0,18.0,7.0,1.0
2021-05-04,16.111976047904186,4.695575221238941,88.0,12.0,3.6,0.0
2021-05-05,15.540830449826991,4.538709677419355,114.0,12.0,2.0,0.0
2021-05-06,17.405769230769224,5.785616438356164,105.0,13.6,3.0,3.0
2021-05-07,19.27264957264957,5.996319018404907,119.0,11.0,7.0,2.0
2021-05-08,13.771226415094347,6.496666666666667,56.0,13.0,2.8,1.6
2021-05-09,10.642499999999998,5.17037037037037,30.0,7.0,5.8,3.0
2021-05-10,14.12043795620438,5.924175824175824,101.0,9.0,0.0,3.0
2021-05-11,20.427702702702707,6.440983606557378,112.0,12.5,6.0,2.0
2021-05-12,19.925333333333334,7.178399999999997,129.0,27.0,6.0,3.0
2021-05-13,18.542911877394637,9.962913907284767,47.0,31.0,1.0,1.0
2021-05-14,19.769581749049443,10.159663865546216,115.0,17.6,6.0,3.0
2021-05-15,17.001401869158876,11.089166666666673,67.0,16.9,2.0,4.0
2021-05-16,13.60860215053764,6.1152439024390235,49.0,17.0,1.0,0.0
2021-05-17,16.096491228070175,7.070348837209298,139.0,16.0,2.4,0.0
2021-05-18,16.466433566433572,7.929268292682929,114.0,11.4,5.0,3.0
2021-05-19,13.449800796812744,4.51456953642384,102.0,13.1,2.0,1.0
2021-05-20,19.874008810572697,5.32781954887218,103.0,9.0,2.0,1.0
2021-05-21,16.786956521739132,8.295774647887324,36.0,23.0,5.0,1.0
2021-05-22,11.183832335329342,5.176470588235294,72.0,9.0,1.0,1.5
2021-05-25,18.86090225563909,5.579891304347829,157.0,15.0,3.0,0.0
2021-05-26,10.428571428571429,7.0,13.0,10.0,7.0,5.0
2021-05-27,17.95602836879432,9.794117647058824,42.7,20.0,4.3,2.0
2021-05-28,24.468235294117648,14.399999999999995,89.0,25.0,12.0,8.0
2021-05-29,25.746666666666673,15.319867549668873,60.0,28.0,9.0,6.5
2021-05-30,19.01266968325791,13.642592592592592,30.0,29.0,8.0,5.0
2021-05-31,25.22605042016807,16.151948051948054,57.0,29.0,10.0,6.0
2021-06-01,30.58018867924527,16.045871559633028,135.0,30.0,11.0,4.0
2021-06-02,31.037004405286346,14.23265306122449,73.0,27.0,12.0,7.0
2021-06-03,32.0178861788618,16.724203821656054,132.0,27.0,10.7,6.0
2021-06-04,16.453773584905655,9.493710691823905,53.0,18.0,0.2,3.9
2021-06-05,21.32403846153846,11.362601626016259,87.0,24.0,3.0,6.0
2021-06-06,16.290395480225985,8.638582677165353,77.0,14.0,4.0,2.0
2021-06-07,14.541436464088395,7.623529411764704,89.0,16.0,4.0,1.0
2021-06-08,18.81604938271605,8.675454545454546,98.0,13.0,6.0,3.9
2021-06-10,12.934453781512605,6.765656565656563,59.0,13.0,4.0,3.0
2021-06-11,11.758278145695362,6.961538461538463,33.0,18.5,1.0,2.0
2021-06-12,16.308928571428574,7.897385620915031,70.0,17.0,0.0,3.0
2021-06-13,22.36306306306306,12.033802816901407,71.0,21.6,6.0,5.3
2021-06-14,23.23303571428573,10.383823529411764,142.0,21.0,7.0,0.0
2021-06-15,21.41894736842106,9.222147651006711,60.0,20.0,10.0,4.1
2021-06-16,19.0,11.0,21.0,13.0,17.0,9.0
2021-06-17,22.924200913242,15.05772357723577,137.0,35.0,7.0,5.0
2021-06-18,9.006870229007633,6.3,20.0,21.0,1.0,0.0
2021-06-19,11.601702127659584,5.318831168831168,60.3,15.0,0.0,0.0
2021-06-20,11.436725663716814,6.670945945945947,32.0,14.0,2.0,1.0
2021-06-21,13.362761506276145,7.175949367088607,29.0,15.0,4.0,0.0
2021-06-22,19.248083623693386,7.803977272727277,90.4,15.0,6.2,1.9
2021-06-23,18.643525179856116,8.332978723404254,48.7,28.0,5.0,2.0
2021-06-24,27.91501831501831,13.441847826086953,131.0,23.0,6.0,4.2
2021-06-25,19.474999999999987,7.562337662337661,146.0,18.0,2.0,0.0
2021-06-26,18.526016260162603,10.329239766081873,54.0,22.9,3.0,3.3
2021-06-27,22.006696428571423,15.753750000000002,49.0,85.0,5.0,5.0
2021-06-28,17.905349794238692,12.028176795580109,68.9,49.8,1.0,0.0
2021-06-29,20.936032388663982,11.75056818181818,39.0,24.0,9.0,2.0
2021-06-30,11.512499999999998,7.1484848484848476,23.0,24.0,2.0,0.0
2021-07-01,22.06715867158673,11.351428571428572,80.0,27.0,7.0,6.0
2021-07-02,27.60858369098713,15.890540540540542,135.0,58.0,10.0,7.0
2021-07-03,18.144250871080143,10.2719298245614,78.0,26.0,1.0,1.0
2021-07-04,11.87985347985348,5.214792899408285,60.0,12.0,0.0,0.0
2021-07-05,19.28087248322147,5.673863636363635,319.1,12.0,2.0,1.8
2021-07-06,16.899640287769785,5.253757225433526,112.8,22.0,0.0,0.0
2021-07-07,13.975,6.689473684210526,25.0,9.0,7.0,4.0
2021-07-08,18.017721518987344,7.665333333333335,129.0,15.0,5.1,4.0
2021-07-09,22.075565610859734,10.118589743589748,108.0,20.0,6.0,5.0
2021-07-10,12.75,10.0,19.0,15.0,3.0,5.0
2021-07-12,11.120979020979021,6.663559322033898,24.4,22.0,2.0,2.0
2021-07-13,19.885470085470093,11.567768595041326,49.0,23.9,3.0,3.0
2021-07-14,16.266666666666666,8.475735294117648,50.7,13.0,5.0,3.0
2021-07-15,14.149404761904762,6.376999999999999,53.0,11.0,3.0,2.0
2021-07-16,20.185581395348827,8.479199999999999,58.2,21.0,5.2,0.0
2021-07-17,13.278676470588223,5.751461988304095,35.0,21.0,1.7,1.0
2021-07-18,17.598666666666666,9.491836734693877,73.0,24.0,7.0,2.0
2021-07-19,23.47437185929648,11.17142857142857,119.0,27.0,6.0,5.0
2021-07-20,30.890733590733596,13.432903225806447,112.0,24.0,13.0,7.0
2021-07-21,37.17142857142857,21.31973684210526,88.0,37.9,17.2,12.0
2021-07-22,40.386925795053,25.3691823899371,82.5,57.0,14.0,7.0
2021-07-23,21.648928571428566,9.957062146892657,67.1,24.0,5.1,2.0
2021-07-24,25.67857142857143,13.03288590604027,58.0,31.2,4.2,1.0
2021-07-25,34.6551724137931,23.355932203389827,71.0,42.0,16.0,15.0
2021-08-03,16.775735294117652,7.266091954022985,75.0,19.0,5.0,0.0
2021-08-04,21.01111111111112,9.496330275229354,108.6,20.0,4.0,0.0
2021-08-05,17.071270718232046,6.851639344262295,83.0,27.0,0.0,0.0
2021-08-06,15.8687707641196,6.789944134078215,90.0,23.0,1.0,1.0
2021-08-07,10.669611307420492,7.205113636363637,48.0,55.0,0.0,0.0
2021-08-08,14.816000000000004,6.483582089552237,45.0,11.0,7.0,3.0
2021-08-09,14.427169811320756,5.844705882352939,82.0,31.0,1.0,0.0
2021-08-10,17.287499999999994,7.153260869565218,100.0,44.0,4.0,3.0
2021-08-11,16.574206349206346,6.37012987012987,117.0,10.0,4.0,3.9
2021-08-12,15.406498194945849,5.772571428571428,102.0,13.0,3.0,0.0
2021-08-13,20.382608695652173,7.915789473684208,72.0,19.0,2.0,0.0
2021-08-14,18.422108843537423,8.316167664670656,71.0,16.0,0.9,3.0
2021-08-15,15.199999999999998,6.529813664596275,77.0,13.0,0.7,1.0
2021-08-16,23.93273381294964,9.884905660377356,167.0,21.2,0.0,2.0
2021-08-17,17.759735973597365,7.286206896551723,130.0,18.3,4.0,2.0
2021-08-18,15.61198630136987,4.877514792899407,140.0,13.0,2.0,1.0
2021-08-19,12.378947368421052,5.766666666666667,45.0,12.0,6.0,1.0
2021-08-20,13.295970695970695,4.5079545454545435,108.0,33.0,1.0,0.0
2021-08-21,14.044407894736846,6.061142857142857,58.0,31.0,2.0,0.0
2021-08-22,11.795505617977526,5.750310559006209,57.0,12.0,0.0,1.0
2021-08-23,13.083571428571426,6.346590909090909,52.0,18.0,3.0,0.0
2021-08-24,17.83726937269373,6.183536585365852,62.8,14.0,4.8,0.0
2021-08-25,12.662172284644196,3.947517730496455,104.7,11.0,2.0,0.0
2021-08-26,14.763309352517993,5.780821917808219,52.2,12.0,2.7,0.0
2021-08-27,17.31093247588425,6.1257861635220126,109.0,13.0,3.4,1.0
2021-08-28,15.620795107033642,6.5421052631578975,34.9,17.0,3.6,1.8
2021-08-29,13.25642023346303,5.705357142857142,155.1,11.0,3.3,1.3
2021-08-30,12.437979094076653,4.476666666666668,281.8,8.0,1.3,0.0
2021-08-31,14.131103678929767,5.123913043478262,50.8,11.0,2.7,0.0
2021-09-01,17.447709923664114,6.05472972972973,41.0,16.0,2.5,0.0
2021-09-02,22.271477663230247,9.41547619047619,70.4,18.0,4.4,2.6
2021-09-03,30.744318181818183,12.10705128205128,84.4,28.0,12.0,5.0
2021-09-04,31.069111969111987,14.88881578947369,81.1,26.1,10.0,7.0
2021-09-05,31.553358208955217,16.323684210526313,60.0,35.8,10.0,6.0
2021-09-06,43.55846153846157,22.72000000000001,107.0,35.0,20.0,11.0
2021-09-07,47.48651685393258,27.894845360824746,108.0,49.0,18.0,6.0
2021-09-08,53.194262295081955,33.00457516339871,97.6,63.0,3.2,9.0
2021-09-09,25.50526315789473,16.07651006711409,131.0,37.0,2.0,0.0
2021-09-10,17.516431924882628,6.106611570247932,129.0,15.0,2.0,1.0
2021-09-11,16.91585365853659,6.7158940397350975,85.0,14.4,1.1,1.0
2021-09-12,15.046638655462186,6.422535211267603,75.0,21.0,4.0,1.0
2021-09-13,17.726848249027235,5.376433121019108,67.0,17.0,5.0,0.0
2021-09-14,22.331390134529148,12.73780487804878,41.6,24.4,6.0,3.0
2021-09-15,17.512676056338037,10.304605263157901,57.0,20.1,4.0,0.0
2021-09-16,27.042654028436022,14.13823529411765,135.8,26.0,7.0,1.0
2021-09-17,20.319026548672568,8.977142857142855,102.0,16.0,3.0,0.0
2021-09-18,25.833333333333336,15.256790123456796,75.0,42.0,3.3,3.0
2021-09-19,38.60089686098653,26.51836734693878,115.0,54.0,6.0,5.0
2021-09-20,11.607692307692304,14.688888888888886,38.0,30.0,4.0,2.0
